This is e-upTeX, Version 3.141592653-p4.1.0-u1.29-230214-2.6 (utf8.uptex) (TeX Live 2023/Debian) (preloaded format=uplatex 2026.8.1)  1 AUG 2026 09:35
entering extended mode
 restricted \write18 enabled.
 %&-line parsing enabled.
**blunderdb.tex
(./blunderdb.tex
pLaTeX2e <2023-02-14u04>+1, based on
LaTeX2e <2023-11-01> patch level 1
L3 programming layer <2024-01-22>
(./sphinxmanual.cls
Document Class: sphinxmanual 2019/12/01 v2.3.0 Document class (Sphinx manual)
(/usr/share/texlive/texmf-dist/tex/uplatex/base/ujbook.cls
Document Class: ujbook 2020/09/30 v1.8f-u00 Standard upLaTeX class
\c@@paper=\count186
(/usr/share/texlive/texmf-dist/tex/uplatex/base/ujbk10.clo
File: ujbk10.clo 2020/09/30 v1.8f-u00 Standard upLaTeX file (size option)
LaTeX Font Info:    Font shape `JT2/mc/m/n' will be
(Font)              scaled to size 9.6222pt on input line 28.
LaTeX Font Info:    Font shape `JY2/mc/m/n' will be
(Font)              scaled to size 9.6222pt on input line 28.
)
\c@part=\count187
\c@chapter=\count188
\c@section=\count189
\c@subsection=\count190
\c@subsubsection=\count191
\c@paragraph=\count192
\c@subparagraph=\count193
\c@figure=\count194
\c@table=\count195
\abovecaptionskip=\skip48
\belowcaptionskip=\skip49
\symmincho=\mathgroup4
LaTeX Font Info:    Overwriting symbol font `mincho' in version `bold'
(Font)                  JY2/mc/m/n --> JY2/gt/m/n on input line 709.
\toclineskip=\dimen156
\@lnumwidth=\dimen157
\bibindent=\dimen158
\heisei=\count196
)
LaTeX Info: Redefining \and on input line 35.
)
\sphinxpxdimen=\dimen159
\sphinxremdimen=\dimen160

(/usr/share/texlive/texmf-dist/tex/latex/cmap/cmap.sty
Package: cmap 2021/02/06 v1.0j CMap support: searchable PDF


Package cmap Warning: pdftex not detected - exiting.

) (/usr/share/texlive/texmf-dist/tex/latex/base/fontenc.sty
Package: fontenc 2021/04/29 v2.0v Standard LaTeX package
)
(/usr/share/texlive/texmf-dist/tex/latex/amsmath/amsmath.sty
Package: amsmath 2023/05/13 v2.17o AMS math features
\@mathmargin=\skip50

For additional information on amsmath, use the `?' option.
(/usr/share/texlive/texmf-dist/tex/latex/amsmath/amstext.sty
Package: amstext 2021/08/26 v2.01 AMS text

(/usr/share/texlive/texmf-dist/tex/latex/amsmath/amsgen.sty
File: amsgen.sty 1999/11/30 v2.0 generic functions
\@emptytoks=\toks18
\ex@=\dimen161
))
(/usr/share/texlive/texmf-dist/tex/latex/amsmath/amsbsy.sty
Package: amsbsy 1999/11/29 v1.2d Bold Symbols
\pmbraise@=\dimen162
)
(/usr/share/texlive/texmf-dist/tex/latex/amsmath/amsopn.sty
Package: amsopn 2022/04/08 v2.04 operator names
)
\inf@bad=\count197
LaTeX Info: Redefining \frac on input line 234.
\uproot@=\count198
\leftroot@=\count199
LaTeX Info: Redefining \overline on input line 399.
LaTeX Info: Redefining \colon on input line 410.
\classnum@=\count266
\DOTSCASE@=\count267
LaTeX Info: Redefining \ldots on input line 496.
LaTeX Info: Redefining \dots on input line 499.
LaTeX Info: Redefining \cdots on input line 620.
\Mathstrutbox@=\box68
\strutbox@=\box69
LaTeX Info: Redefining \big on input line 722.
LaTeX Info: Redefining \Big on input line 723.
LaTeX Info: Redefining \bigg on input line 724.
LaTeX Info: Redefining \Bigg on input line 725.
\big@size=\dimen163
LaTeX Font Info:    Redeclaring font encoding OML on input line 743.
LaTeX Font Info:    Redeclaring font encoding OMS on input line 744.
\macc@depth=\count268
LaTeX Info: Redefining \bmod on input line 905.
LaTeX Info: Redefining \pmod on input line 910.
LaTeX Info: Redefining \smash on input line 940.
LaTeX Info: Redefining \relbar on input line 970.
LaTeX Info: Redefining \Relbar on input line 971.
\c@MaxMatrixCols=\count269
\dotsspace@=\muskip16
\c@parentequation=\count270
\dspbrk@lvl=\count271
\tag@help=\toks19
\row@=\count272
\column@=\count273
\maxfields@=\count274
\andhelp@=\toks20
\eqnshift@=\dimen164
\alignsep@=\dimen165
\tagshift@=\dimen166
\tagwidth@=\dimen167
\totwidth@=\dimen168
\lineht@=\dimen169
\@envbody=\toks21
\multlinegap=\skip51
\multlinetaggap=\skip52
\mathdisplay@stack=\toks22
LaTeX Info: Redefining \[ on input line 2953.
LaTeX Info: Redefining \] on input line 2954.
)
(/usr/share/texlive/texmf-dist/tex/latex/amsfonts/amssymb.sty
Package: amssymb 2013/01/14 v3.01 AMS font symbols

(/usr/share/texlive/texmf-dist/tex/latex/amsfonts/amsfonts.sty
Package: amsfonts 2013/01/14 v3.01 Basic AMSFonts support
\symAMSa=\mathgroup5
\symAMSb=\mathgroup6
LaTeX Font Info:    Redeclaring math symbol \hbar on input line 98.
LaTeX Font Info:    Overwriting math alphabet `\mathfrak' in version `bold'
(Font)                  U/euf/m/n --> U/euf/b/n on input line 106.
))
(/usr/share/texmf/tex/latex/tex-gyre/tgtermes.sty
Package: tgtermes 2009/09/27 v1.2 TeX Gyre Termes as default roman family

(/usr/share/texlive/texmf-dist/tex/latex/kvoptions/kvoptions.sty
Package: kvoptions 2022-06-15 v3.15 Key value format for package options (HO)

(/usr/share/texlive/texmf-dist/tex/latex/graphics/keyval.sty
Package: keyval 2022/05/29 v1.15 key=value parser (DPC)
\KV@toks@=\toks23
)
(/usr/share/texlive/texmf-dist/tex/generic/ltxcmds/ltxcmds.sty
Package: ltxcmds 2023-12-04 v1.26 LaTeX kernel commands for general use (HO)
)
(/usr/share/texlive/texmf-dist/tex/latex/kvsetkeys/kvsetkeys.sty
Package: kvsetkeys 2022-10-05 v1.19 Key value parser (HO)
))
(I search kanjifont definition file: . . ) (I search font definition file: . .
. . . . . )) (/usr/share/texmf/tex/latex/tex-gyre/tgheros.sty
Package: tgheros 2009/09/27 v1.2 TeX Gyre Heros as default sans serif family
) (./sphinx.sty
Package: sphinx 2025/12/26 v9.1.0 Sphinx LaTeX package (sphinx-doc)

(/usr/share/texlive/texmf-dist/tex/latex/xcolor/xcolor.sty
Package: xcolor 2023/11/15 v3.01 LaTeX color extensions (UK)

(/usr/share/texlive/texmf-dist/tex/latex/graphics-cfg/color.cfg
File: color.cfg 2016/01/02 v1.6 sample color configuration
)
Package xcolor Info: Driver file: dvipdfmx.def on input line 274.

(/usr/share/texlive/texmf-dist/tex/latex/graphics-def/dvipdfmx.def
File: dvipdfmx.def 2022/09/22 v5.0m Graphics/color driver for dvipdfmx
)
(/usr/share/texlive/texmf-dist/tex/latex/graphics/mathcolor.ltx)
Package xcolor Info: Model `cmy' substituted by `cmy0' on input line 1350.
Package xcolor Info: Model `RGB' extended on input line 1366.
Package xcolor Info: Model `HTML' substituted by `rgb' on input line 1368.
Package xcolor Info: Model `Hsb' substituted by `hsb' on input line 1369.
Package xcolor Info: Model `tHsb' substituted by `hsb' on input line 1370.
Package xcolor Info: Model `HSB' substituted by `hsb' on input line 1371.
Package xcolor Info: Model `Gray' substituted by `gray' on input line 1372.
Package xcolor Info: Model `wave' substituted by `hsb' on input line 1373.
)
(./sphinxoptionshyperref.sty
Package: sphinxoptionshyperref 2021/01/27 hyperref

(/usr/share/texlive/texmf-dist/tex/latex/base/atbegshi-ltx.sty
Package: atbegshi-ltx 2021/01/10 v1.0c Emulation of the original atbegshi
package with kernel methods
))
(./sphinxoptionsgeometry.sty
Package: sphinxoptionsgeometry 2021/01/27 geometry
LaTeX Font Info:    Trying to load font information for T1+qtm on input line 17
.
 (/usr/share/texmf/tex/latex/tex-gyre/t1qtm.fd
File: t1qtm.fd 2009/09/25 v1.2 font definition file for T1/qtm
))
(/usr/share/texlive/texmf-dist/tex/latex/base/textcomp.sty
Package: textcomp 2020/02/02 v2.0n Standard LaTeX package
)
(/usr/share/texlive/texmf-dist/tex/latex/float/float.sty
Package: float 2001/11/08 v1.3d Float enhancements (AL)
\c@float@type=\count275
\float@exts=\toks24
\float@box=\box70
\@float@everytoks=\toks25
\@floatcapt=\box71
)
(/usr/share/texlive/texmf-dist/tex/latex/wrapfig/wrapfig.sty
\wrapoverhang=\dimen170
\WF@size=\dimen171
\c@WF@wrappedlines=\count276
\WF@box=\box72
\WF@everypar=\toks26
Package: wrapfig 2003/01/31  v 3.6
)
(/usr/share/texlive/texmf-dist/tex/latex/capt-of/capt-of.sty
Package: capt-of 2009/12/29 v0.2 standard captions outside of floats
)
(/usr/share/texlive/texmf-dist/tex/latex/tools/multicol.sty
Package: multicol 2023/03/30 v1.9f multicolumn formatting (FMi)
\c@tracingmulticols=\count277
\mult@box=\box73
\multicol@leftmargin=\dimen172
\c@unbalance=\count278
\c@collectmore=\count279
\doublecol@number=\count280
\multicoltolerance=\count281
\multicolpretolerance=\count282
\full@width=\dimen173
\page@free=\dimen174
\premulticols=\dimen175
\postmulticols=\dimen176
\multicolsep=\skip53
\multicolbaselineskip=\skip54
\partial@page=\box74
\last@line=\box75
\mc@boxedresult=\box76
\maxbalancingoverflow=\dimen177
\mult@rightbox=\box77
\mult@grightbox=\box78
\mult@firstbox=\box79
\mult@gfirstbox=\box80
\@tempa=\box81
\@tempa=\box82
\@tempa=\box83
\@tempa=\box84
\@tempa=\box85
\@tempa=\box86
\@tempa=\box87
\@tempa=\box88
\@tempa=\box89
\@tempa=\box90
\@tempa=\box91
\@tempa=\box92
\@tempa=\box93
\@tempa=\box94
\@tempa=\box95
\@tempa=\box96
\@tempa=\box97
\@tempa=\box98
\@tempa=\box99
\@tempa=\box100
\@tempa=\box101
\@tempa=\box102
\@tempa=\box103
\@tempa=\box104
\@tempa=\box105
\@tempa=\box106
\@tempa=\box107
\@tempa=\box108
\@tempa=\box109
\@tempa=\box110
\@tempa=\box111
\@tempa=\box112
\@tempa=\box113
\@tempa=\box114
\@tempa=\box115
\@tempa=\box116
\c@minrows=\count283
\c@columnbadness=\count284
\c@finalcolumnbadness=\count285
\last@try=\dimen178
\multicolovershoot=\dimen179
\multicolundershoot=\dimen180
\mult@nat@firstbox=\box117
\colbreak@box=\box118
\mc@col@check@num=\count286
)
(/usr/share/texlive/texmf-dist/tex/latex/graphics/graphicx.sty
Package: graphicx 2021/09/16 v1.2d Enhanced LaTeX Graphics (DPC,SPQR)

(/usr/share/texlive/texmf-dist/tex/latex/graphics/graphics.sty
Package: graphics 2022/03/10 v1.4e Standard LaTeX Graphics (DPC,SPQR)

(/usr/share/texlive/texmf-dist/tex/latex/graphics/trig.sty
Package: trig 2021/08/11 v1.11 sin cos tan (DPC)
)
(/usr/share/texlive/texmf-dist/tex/latex/graphics-cfg/graphics.cfg
File: graphics.cfg 2016/06/04 v1.11 sample graphics configuration
)
Package graphics Info: Driver file: dvipdfmx.def on input line 107.
)
\Gin@req@height=\dimen181
\Gin@req@width=\dimen182
)
(./sphinxlatexgraphics.sty
Package: sphinxlatexgraphics 2024/08/13 v8.1.0 graphics
\spx@image@maxheight=\dimen183
\spx@image@box=\box119
) (./sphinxpackageboxes.sty
Package: sphinxpackageboxes 2024/07/01 v7.4.0 advanced colored boxes

(/usr/share/texlive/texmf-dist/tex/latex/pict2e/pict2e.sty
Package: pict2e 2020/09/30 v0.4b Improved picture commands (HjG,RN,JT)

(/usr/share/texlive/texmf-dist/tex/latex/pict2e/pict2e.cfg
File: pict2e.cfg 2016/02/05 v0.1u pict2e configuration for teTeX/TeXLive
)
Package pict2e Info: Driver file: dvipdfmx.def on input line 112.
Package pict2e Info: Driver file for pict2e: p2e-dvipdfmx.def on input line 114
.

(/usr/share/texlive/texmf-dist/tex/latex/pict2e/p2e-dvipdfmx.def
File: p2e-dvipdfmx.def 2016/02/05 v0.1u Driver-dependant file (RN,HjG,JT)
)
\pIIe@GRAPH=\toks27
\@arclen=\dimen184
\@arcrad=\dimen185
\pIIe@tempdima=\dimen186
\pIIe@tempdimb=\dimen187
\pIIe@tempdimc=\dimen188
\pIIe@tempdimd=\dimen189
\pIIe@tempdime=\dimen190
\pIIe@tempdimf=\dimen191
)
(/usr/share/texlive/texmf-dist/tex/latex/ellipse/ellipse.sty
Package: ellipse 2004/11/05 v1.0 .dtx ellipse file
)
\@tempdimd=\dimen192
\spx@tempboxa=\box120
\spx@tempboxb=\box121
\spx@boxes@border@top=\dimen193
\spx@boxes@border@right=\dimen194
\spx@boxes@border@bottom=\dimen195
\spx@boxes@border@left=\dimen196
\spx@boxes@padding@top=\dimen197
\spx@boxes@padding@right=\dimen198
\spx@boxes@padding@bottom=\dimen199
\spx@boxes@padding@left=\dimen256
\spx@boxes@shadow@xoffset=\dimen257
\spx@boxes@shadow@yoffset=\dimen258
\spx@boxes@radius@topleft@x=\dimen259
\spx@boxes@radius@topright@x=\dimen260
\spx@boxes@radius@bottomright@x=\dimen261
\spx@boxes@radius@bottomleft@x=\dimen262
\spx@boxes@radius@topleft@y=\dimen263
\spx@boxes@radius@topright@y=\dimen264
\spx@boxes@radius@bottomright@y=\dimen265
\spx@boxes@radius@bottomleft@y=\dimen266
)
(./sphinxlatexadmonitions.sty
Package: sphinxlatexadmonitions 2025/10/24 v9.0.0 admonitions

(/usr/share/texlive/texmf-dist/tex/latex/framed/framed.sty
Package: framed 2011/10/22 v 0.96: framed or shaded text with page breaks
\OuterFrameSep=\skip55
\fb@frw=\dimen267
\fb@frh=\dimen268
\FrameRule=\dimen269
\FrameSep=\dimen270
)
(/usr/share/texlive/texmf-dist/tex/latex/needspace/needspace.sty
Package: needspace 2010/09/12 v1.3d reserve vertical space
)
(./sphinxpackagefootnote.sty
Package: sphinxpackagefootnote 2025/11/15 v9.0.0 Sphinx custom footnotehyper pa
ckage (Sphinx team)
\FNH@notes=\box122
\FNH@toks=\toks28
\FNH@width=\dimen271
\c@sphinxfootnotemark=\count287
)
\spx@notice@border=\dimen272
\c@sphinxtodo=\count288
) (./sphinxlatexliterals.sty
Package: sphinxlatexliterals 2025/12/26 v9.1.0 code-blocks and parsed literals

(/usr/share/texlive/texmf-dist/tex/latex/fancyvrb/fancyvrb.sty
Package: fancyvrb 2024/01/20 4.5c verbatim text (tvz,hv)
\FV@CodeLineNo=\count289
\FV@InFile=\read2
\FV@TabBox=\box123
\c@FancyVerbLine=\count290
\FV@StepNumber=\count291
\FV@OutFile=\write3
)
(/usr/share/texlive/texmf-dist/tex/latex/base/alltt.sty
Package: alltt 2021/01/29 v2.0g defines alltt environment
)
(/usr/share/texlive/texmf-dist/tex/latex/upquote/upquote.sty
Package: upquote 2012/04/19 v1.3 upright-quote and grave-accent glyphs in verba
tim
)
\sphinxcontinuationbox=\box124
\sphinxvisiblespacebox=\box125
\sphinxVerbatim@TitleBox=\box126
\sphinxVerbatim@ContentsBox=\box127
)
(./sphinxlatexshadowbox.sty
Package: sphinxlatexshadowbox 2024/07/28 v8.1.0 sphinxShadowBox
) (./sphinxlatexcontainers.sty
Package: sphinxlatexcontainers 2021/05/03 containers
)
(./sphinxhighlight.sty
Package: sphinxhighlight 2022/06/30 stylesheet for highlighting with pygments
) (./sphinxlatextables.sty
Package: sphinxlatextables 2025/12/30 v9.1.0 tables

(/usr/share/texlive/texmf-dist/tex/latex/tabulary/tabulary.sty
Package: tabulary 2014/06/11 v0.10 tabulary package (DPC)

(/usr/share/texlive/texmf-dist/tex/latex/tools/array.sty
Package: array 2023/10/16 v2.5g Tabular extension package (FMi)
\col@sep=\dimen273
\ar@mcellbox=\box128
\extrarowheight=\dimen274
\NC@list=\toks29
\extratabsurround=\skip56
\backup@length=\skip57
\ar@cellbox=\box129
)
\TY@count=\count292
\TY@linewidth=\dimen275
\tymin=\dimen276
\tymax=\dimen277
\TY@tablewidth=\dimen278
)
(/usr/share/texlive/texmf-dist/tex/latex/tools/longtable.sty
Package: longtable 2023-11-01 v4.19 Multi-page Table package (DPC)
\LTleft=\skip58
\LTright=\skip59
\LTpre=\skip60
\LTpost=\skip61
\LTchunksize=\count293
\LTcapwidth=\dimen279
\LT@head=\box130
\LT@firsthead=\box131
\LT@foot=\box132
\LT@lastfoot=\box133
\LT@gbox=\box134
\LT@cols=\count294
\LT@rows=\count295
\c@LT@tables=\count296
\c@LT@chunks=\count297
\LT@p@ftn=\toks30
)
(/usr/share/texlive/texmf-dist/tex/latex/varwidth/varwidth.sty
Package: varwidth 2009/03/30 ver 0.92;  Variable-width minipages
\@vwid@box=\box135
\sift@deathcycles=\count298
\@vwid@loff=\dimen280
\@vwid@roff=\dimen281
)
\sphinx@TY@tablewidth=\dimen282

(/usr/share/texlive/texmf-dist/tex/latex/colortbl/colortbl.sty
Package: colortbl 2022/06/20 v1.0f Color table columns (DPC)
\everycr=\toks31
\minrowclearance=\skip62
\rownum=\count299
)
(/usr/share/texlive/texmf-dist/tex/latex/booktabs/booktabs.sty
Package: booktabs 2020/01/12 v1.61803398 Publication quality tables
\heavyrulewidth=\dimen283
\lightrulewidth=\dimen284
\cmidrulewidth=\dimen285
\belowrulesep=\dimen286
\belowbottomsep=\dimen287
\aboverulesep=\dimen288
\abovetopsep=\dimen289
\cmidrulesep=\dimen290
\cmidrulekern=\dimen291
\defaultaddspace=\dimen292
\@cmidla=\count300
\@cmidlb=\count301
\@aboverulesep=\dimen293
\@belowrulesep=\dimen294
\@thisruleclass=\count302
\@lastruleclass=\count303
\@thisrulewidth=\dimen295
))
(./sphinxlatexnumfig.sty
Package: sphinxlatexnumfig 2024/07/31 v8.1.0 numbering
) (./sphinxlatexlists.sty
Package: sphinxlatexlists 2021/12/20 lists
\spx@lineitemlabel=\toks32
)
\c@sphinxscope=\count304
 (./sphinxlatexindbibtoc.sty
Package: sphinxlatexindbibtoc 2021/01/27 index, bib., toc

(/usr/share/texlive/texmf-dist/tex/latex/base/makeidx.sty
Package: makeidx 2021/10/04 v1.0m Standard LaTeX package
))
(./sphinxlatexstylepage.sty
Package: sphinxlatexstylepage 2021/01/27 page styling

(/usr/share/texlive/texmf-dist/tex/latex/parskip/parskip.sty
Package: parskip 2021-03-14 v2.0h non-zero parskip adjustments

(/usr/share/texlive/texmf-dist/tex/latex/etoolbox/etoolbox.sty
Package: etoolbox 2020/10/05 v2.5k e-TeX tools for LaTeX (JAW)
\etb@tempcnta=\count305
))
(/usr/share/texlive/texmf-dist/tex/latex/fancyhdr/fancyhdr.sty
Package: fancyhdr 2022/11/09 v4.1 Extensive control of page headers and footers

\f@nch@headwidth=\skip63
\f@nch@O@elh=\skip64
\f@nch@O@erh=\skip65
\f@nch@O@olh=\skip66
\f@nch@O@orh=\skip67
\f@nch@O@elf=\skip68
\f@nch@O@erf=\skip69
\f@nch@O@olf=\skip70
\f@nch@O@orf=\skip71
))
(./sphinxlatexstyleheadings.sty
Package: sphinxlatexstyleheadings 2023/02/11 headings

(/usr/share/texlive/texmf-dist/tex/latex/titlesec/titlesec.sty
Package: titlesec 2023/10/27 v2.16 Sectioning titles
\ttl@box=\box136
\beforetitleunit=\skip72
\aftertitleunit=\skip73
\ttl@plus=\dimen296
\ttl@minus=\dimen297
\ttl@toksa=\toks33
\titlewidth=\dimen298
\titlewidthlast=\dimen299
\titlewidthfirst=\dimen300
))
(./sphinxlatexstyletext.sty
Package: sphinxlatexstyletext 2025/05/24 v9.0.0 text styling
) (./sphinxlatexobjects.sty
Package: sphinxlatexobjects 2025/06/06 documentation environments
\sphinxsignaturesep=\skip74
\sphinxsignaturelistskip=\skip75
\py@argswidth=\skip76
\lineblockindentation=\skip77
\DUlineblockindent=\skip78
)
\sphinxvwdimen=\dimen301
\sphinxvhdimen=\dimen302
\sphinxvmindimen=\dimen303
\sphinxvmaxdimen=\dimen304
\sphinxQdimen=\dimen305
)
(/usr/share/texlive/texmf-dist/tex/latex/geometry/geometry.sty
Package: geometry 2020/01/02 v5.9 Page Geometry

(/usr/share/texlive/texmf-dist/tex/generic/iftex/ifvtex.sty
Package: ifvtex 2019/10/25 v1.7 ifvtex legacy package. Use iftex instead.

(/usr/share/texlive/texmf-dist/tex/generic/iftex/iftex.sty
Package: iftex 2022/02/03 v1.0f TeX engine tests
))
\Gm@cnth=\count306
\Gm@cntv=\count307
\c@Gm@tempcnt=\count308
\Gm@bindingoffset=\dimen306
\Gm@wd@mp=\dimen307
\Gm@odd@mp=\dimen308
\Gm@even@mp=\dimen309
\Gm@layoutwidth=\dimen310
\Gm@layoutheight=\dimen311
\Gm@layouthoffset=\dimen312
\Gm@layoutvoffset=\dimen313
\Gm@dimlist=\toks34


Package geometry Warning: \topskip was changed from 8.46753pt to 10.49995pt.

) (/usr/share/texlive/texmf-dist/tex/latex/hyperref/hyperref.sty
Package: hyperref 2024-01-20 v7.01h Hypertext links for LaTeX

(/usr/share/texlive/texmf-dist/tex/generic/kvdefinekeys/kvdefinekeys.sty
Package: kvdefinekeys 2019-12-19 v1.6 Define keys (HO)
)
(/usr/share/texlive/texmf-dist/tex/generic/pdfescape/pdfescape.sty
Package: pdfescape 2019/12/09 v1.15 Implements pdfTeX's escape features (HO)

(/usr/share/texlive/texmf-dist/tex/generic/pdftexcmds/pdftexcmds.sty
Package: pdftexcmds 2020-06-27 v0.33 Utility functions of pdfTeX for LuaTeX (HO
)

(/usr/share/texlive/texmf-dist/tex/generic/infwarerr/infwarerr.sty
Package: infwarerr 2019/12/03 v1.5 Providing info/warning/error messages (HO)
)
Package pdftexcmds Info: \pdf@primitive is available.
Package pdftexcmds Info: \pdf@ifprimitive is available.
Package pdftexcmds Info: \pdfdraftmode not found.
))
(/usr/share/texlive/texmf-dist/tex/latex/hycolor/hycolor.sty
Package: hycolor 2020-01-27 v1.10 Color options for hyperref/bookmark (HO)
)
(/usr/share/texlive/texmf-dist/tex/latex/auxhook/auxhook.sty
Package: auxhook 2019-12-17 v1.6 Hooks for auxiliary files (HO)
)
(/usr/share/texlive/texmf-dist/tex/latex/hyperref/nameref.sty
Package: nameref 2023-11-26 v2.56 Cross-referencing by name of section

(/usr/share/texlive/texmf-dist/tex/latex/refcount/refcount.sty
Package: refcount 2019/12/15 v3.6 Data extraction from label references (HO)
)
(/usr/share/texlive/texmf-dist/tex/generic/gettitlestring/gettitlestring.sty
Package: gettitlestring 2019/12/15 v1.6 Cleanup title references (HO)
)
\c@section@level=\count309
)
\@linkdim=\dimen314
\Hy@linkcounter=\count310
\Hy@pagecounter=\count311

(/usr/share/texlive/texmf-dist/tex/latex/hyperref/pd1enc.def
File: pd1enc.def 2024-01-20 v7.01h Hyperref: PDFDocEncoding definition (HO)
Now handling font encoding PD1 ...
... no UTF-8 mapping file for font encoding PD1
)
(/usr/share/texlive/texmf-dist/tex/generic/intcalc/intcalc.sty
Package: intcalc 2019/12/15 v1.3 Expandable calculations with integers (HO)
)
\Hy@SavedSpaceFactor=\count312

(/usr/share/texlive/texmf-dist/tex/latex/hyperref/puenc.def
File: puenc.def 2024-01-20 v7.01h Hyperref: PDF Unicode definition (HO)
Now handling font encoding PU ...
... no UTF-8 mapping file for font encoding PU
)
Package hyperref Info: Option `colorlinks' set `true' on input line 4062.
Package hyperref Info: Option `breaklinks' set `true' on input line 4062.
Package hyperref Info: Hyper figures OFF on input line 4179.
Package hyperref Info: Link nesting OFF on input line 4184.
Package hyperref Info: Hyper index ON on input line 4187.
Package hyperref Info: Plain pages OFF on input line 4194.
Package hyperref Info: Backreferencing OFF on input line 4199.
Package hyperref Info: Implicit mode ON; LaTeX internals redefined.
Package hyperref Info: Bookmarks ON on input line 4446.
\c@Hy@tempcnt=\count313

(/usr/share/texlive/texmf-dist/tex/latex/url/url.sty
\Urlmuskip=\muskip17
Package: url 2013/09/16  ver 3.4  Verb mode for urls, etc.
)
LaTeX Info: Redefining \url on input line 4784.
\XeTeXLinkMargin=\dimen315

(/usr/share/texlive/texmf-dist/tex/generic/bitset/bitset.sty
Package: bitset 2019/12/09 v1.3 Handle bit-vector datatype (HO)

(/usr/share/texlive/texmf-dist/tex/generic/bigintcalc/bigintcalc.sty
Package: bigintcalc 2019/12/15 v1.5 Expandable calculations on big integers (HO
)
))
\Fld@menulength=\count314
\Field@Width=\dimen316
\Fld@charsize=\dimen317
Package hyperref Info: Hyper figures OFF on input line 6063.
Package hyperref Info: Link nesting OFF on input line 6068.
Package hyperref Info: Hyper index ON on input line 6071.
Package hyperref Info: backreferencing OFF on input line 6078.
Package hyperref Info: Link coloring ON on input line 6081.
Package hyperref Info: Link coloring with OCG OFF on input line 6088.
Package hyperref Info: PDF/A mode OFF on input line 6093.
\Hy@abspage=\count315
\c@Item=\count316
\c@Hfootnote=\count317
)
Package hyperref Info: Driver: hdvipdfm.

(/usr/share/texlive/texmf-dist/tex/latex/hyperref/hdvipdfm.def
File: hdvipdfm.def 2024-01-20 v7.01h Hyperref driver for dvipdfm
\pdfm@box=\box137
\c@Hy@AnnotLevel=\count318
\HyField@AnnotCount=\count319
\Fld@listcount=\count320
\c@bookmark@seq@number=\count321

(/usr/share/texlive/texmf-dist/tex/latex/rerunfilecheck/rerunfilecheck.sty
Package: rerunfilecheck 2022-07-10 v1.10 Rerun checks for auxiliary files (HO)

(/usr/share/texlive/texmf-dist/tex/latex/base/atveryend-ltx.sty
Package: atveryend-ltx 2020/08/19 v1.0a Emulation of the original atveryend pac
kage
with kernel methods
)
(/usr/share/texlive/texmf-dist/tex/generic/uniquecounter/uniquecounter.sty
Package: uniquecounter 2019/12/15 v1.4 Provide unlimited unique counter (HO)
)
Package uniquecounter Info: New unique counter `rerunfilecheck' on input line 2
85.
)
\Hy@SectionHShift=\skip79
)
(/usr/share/texlive/texmf-dist/tex/latex/oberdiek/hypcap.sty
Package: hypcap 2016/05/16 v1.12 Adjusting the anchors of captions (HO)

(/usr/share/texlive/texmf-dist/tex/latex/letltxmacro/letltxmacro.sty
Package: letltxmacro 2019/12/03 v1.6 Let assignment for LaTeX macros (HO)
))
(/usr/share/texlive/texmf-dist/tex/platex/pxjahyper/pxjahyper.sty
Package: pxjahyper 2023/03/01 v1.3

(/usr/share/texlive/texmf-dist/tex/platex/pxjahyper/pxjahyper-enc.sty
Package: pxjahyper-enc 2023/03/01 v1.3
)
(/usr/share/texlive/texmf-dist/tex/latex/bxjatoucs/bxjatoucs.sty
Package: bxjatoucs 2019/10/20 v0.2
)
(/usr/share/texlive/texmf-dist/tex/platex/pxjahyper/pxjahyper-uni.def
File: pxjahyper-uni.def 2023/03/01 v1.3
)
Package pxjahyper Info: The setup for hyperref 'unicode' is applied.
)
(./sphinxmessages.sty
Package: sphinxmessages 2019/01/04 v2.0 Localized LaTeX macros (Sphinx team)
)
\@indexfile=\write4
\openout4 = `blunderdb.idx'.


Writing index file blunderdb.idx
(/usr/share/texlive/texmf-dist/tex/latex/l3backend/l3backend-dvipdfmx.def
File: l3backend-dvipdfmx.def 2024-01-04 L3 backend support: dvipdfmx
\g__graphics_track_int=\count322
\l__pdf_internal_box=\box138
\g__pdf_backend_object_int=\count323
\g__pdf_backend_annotation_int=\count324
\g__pdf_backend_link_int=\count325
)

LaTeX Warning: Unused global option(s):
    [letterpaper].

(./blunderdb.aux)
\openout1 = `blunderdb.aux'.

LaTeX Font Info:    Checking defaults for OML/cmm/m/it on input line 63.
LaTeX Font Info:    ... okay on input line 63.
LaTeX Font Info:    Checking defaults for OMS/cmsy/m/n on input line 63.
LaTeX Font Info:    ... okay on input line 63.
LaTeX Font Info:    Checking defaults for OT1/cmr/m/n on input line 63.
LaTeX Font Info:    ... okay on input line 63.
LaTeX Font Info:    Checking defaults for T1/cmr/m/n on input line 63.
LaTeX Font Info:    ... okay on input line 63.
LaTeX Font Info:    Checking defaults for TS1/cmr/m/n on input line 63.
LaTeX Font Info:    ... okay on input line 63.
LaTeX Font Info:    Checking defaults for OMX/cmex/m/n on input line 63.
LaTeX Font Info:    ... okay on input line 63.
LaTeX Font Info:    Checking defaults for U/cmr/m/n on input line 63.
LaTeX Font Info:    ... okay on input line 63.
LaTeX Font Info:    Checking defaults for JY2/mc/m/n on input line 63.
LaTeX Font Info:    ... okay on input line 63.
LaTeX Font Info:    Checking defaults for JT2/mc/m/n on input line 63.
LaTeX Font Info:    ... okay on input line 63.
LaTeX Font Info:    Checking defaults for PD1/pdf/m/n on input line 63.
LaTeX Font Info:    ... okay on input line 63.
LaTeX Font Info:    Checking defaults for PU/pdf/m/n on input line 63.
LaTeX Font Info:    ... okay on input line 63.
\c@literalblock=\count326

*geometry* detected driver: dvipdfm
*geometry* verbose mode - [ preamble ] result:
* driver: dvipdfm
* paper: letterpaper
* layout: <same size as paper>
* layoutoffset:(h,v)=(0.0pt,0.0pt)
* lines: 47
* hratio: 1:1
* vratio: 1:1
* modes: twoside 
* h-part:(L,W,R)=(81.02597pt, 452.24304pt, 81.02599pt)
* v-part:(T,H,B)=(47.23502pt, 700.49995pt, 47.23502pt)
* \paperwidth=614.295pt
* \paperheight=794.96999pt
* \textwidth=452.24304pt
* \textheight=700.49995pt
* \oddsidemargin=8.75598pt
* \evensidemargin=8.756pt
* \topmargin=-55.10246pt
* \headheight=12.0pt
* \headsep=18.06749pt
* \topskip=10.49995pt
* \footskip=30.0pt
* \marginparwidth=38.48877pt
* \marginparsep=10.0pt
* \columnsep=10.0pt
* \skip\footins=9.0pt plus 4.0pt minus 2.0pt
* \hoffset=0.0pt
* \voffset=0.0pt
* \mag=1000
* \@twocolumnfalse
* \@twosidetrue
* \@mparswitchtrue
* \@reversemarginfalse
* (1in=72.27pt=25.4mm, 1cm=28.453pt)

Package hyperref Info: Link coloring ON on input line 63.
(./blunderdb.out) (./blunderdb.out)
\@outlinefile=\write5
\openout5 = `blunderdb.out'.

Package hyperref Info: Option `pageanchor' set `false' on input line 66.
LaTeX Font Info:    Trying to load font information for T1+qhv on input line 66
.

(/usr/share/texmf/tex/latex/tex-gyre/t1qhv.fd
File: t1qhv.fd 2009/09/25 v1.2 font definition file for T1/qhv
)
LaTeX Font Info:    Font shape `JT2/mc/b/n' in size <10> not available
(Font)              Font shape `JT2/mc/bx/n' tried instead on input line 66.
LaTeX Font Info:    Font shape `JT2/mc/bx/n' in size <10> not available
(Font)              Font shape `JT2/gt/m/n' tried instead on input line 66.
LaTeX Font Info:    Font shape `JT2/gt/m/n' will be
(Font)              scaled to size 9.6222pt on input line 66.
LaTeX Font Info:    Font shape `JY2/mc/b/n' in size <10> not available
(Font)              Font shape `JY2/mc/bx/n' tried instead on input line 66.
LaTeX Font Info:    Font shape `JY2/mc/bx/n' in size <10> not available
(Font)              Font shape `JY2/gt/m/n' tried instead on input line 66.
LaTeX Font Info:    Font shape `JY2/gt/m/n' will be
(Font)              scaled to size 9.6222pt on input line 66.
LaTeX Font Info:    Font shape `JT2/mc/b/n' in size <24.88> not available
(Font)              Font shape `JT2/mc/bx/n' tried instead on input line 66.
LaTeX Font Info:    Font shape `JT2/mc/bx/n' in size <24.88> not available
(Font)              Font shape `JT2/gt/m/n' tried instead on input line 66.
LaTeX Font Info:    Font shape `JT2/gt/m/n' will be
(Font)              scaled to size 23.94002pt on input line 66.
LaTeX Font Info:    Font shape `JY2/mc/b/n' in size <24.88> not available
(Font)              Font shape `JY2/mc/bx/n' tried instead on input line 66.
LaTeX Font Info:    Font shape `JY2/mc/bx/n' in size <24.88> not available
(Font)              Font shape `JY2/gt/m/n' tried instead on input line 66.
LaTeX Font Info:    Font shape `JY2/gt/m/n' will be
(Font)              scaled to size 23.94002pt on input line 66.
LaTeX Font Info:    Kanji font shape `JY2/mc/b/it' undefined
(Font)              No change on input line 66.
LaTeX Font Info:    Font shape `JT2/mc/b/n' in size <17.28> not available
(Font)              Font shape `JT2/mc/bx/n' tried instead on input line 66.
LaTeX Font Info:    Font shape `JT2/mc/bx/n' in size <17.28> not available
(Font)              Font shape `JT2/gt/m/n' tried instead on input line 66.
LaTeX Font Info:    Font shape `JT2/gt/m/n' will be
(Font)              scaled to size 16.62714pt on input line 66.
LaTeX Font Info:    Font shape `JY2/mc/b/n' in size <17.28> not available
(Font)              Font shape `JY2/mc/bx/n' tried instead on input line 66.
LaTeX Font Info:    Font shape `JY2/mc/bx/n' in size <17.28> not available
(Font)              Font shape `JY2/gt/m/n' tried instead on input line 66.
LaTeX Font Info:    Font shape `JY2/gt/m/n' will be
(Font)              scaled to size 16.62714pt on input line 66.
LaTeX Font Info:    Font shape `JY2/mc/m/n' will be
(Font)              scaled to size 16.62714pt on input line 66.
LaTeX Font Info:    Font shape `JY2/mc/m/n' will be
(Font)              scaled to size 11.54663pt on input line 66.
LaTeX Font Info:    Trying to load font information for U+msa on input line 66.


(/usr/share/texlive/texmf-dist/tex/latex/amsfonts/umsa.fd
File: umsa.fd 2013/01/14 v3.01 AMS symbols A
)
LaTeX Font Info:    Trying to load font information for U+msb on input line 66.


(/usr/share/texlive/texmf-dist/tex/latex/amsfonts/umsb.fd
File: umsb.fd 2013/01/14 v3.01 AMS symbols B
)
LaTeX Font Info:    Font shape `JT2/mc/b/n' in size <12> not available
(Font)              Font shape `JT2/mc/bx/n' tried instead on input line 66.
LaTeX Font Info:    Font shape `JT2/mc/bx/n' in size <12> not available
(Font)              Font shape `JT2/gt/m/n' tried instead on input line 66.
LaTeX Font Info:    Font shape `JT2/gt/m/n' will be
(Font)              scaled to size 11.54663pt on input line 66.
LaTeX Font Info:    Font shape `JY2/mc/b/n' in size <12> not available
(Font)              Font shape `JY2/mc/bx/n' tried instead on input line 66.
LaTeX Font Info:    Font shape `JY2/mc/bx/n' in size <12> not available
(Font)              Font shape `JY2/gt/m/n' tried instead on input line 66.
LaTeX Font Info:    Font shape `JY2/gt/m/n' will be
(Font)              scaled to size 11.54663pt on input line 66.
 [1


] [2


]
LaTeX Font Info:    Font shape `JT2/mc/m/n' will be
(Font)              scaled to size 19.95642pt on input line 68.
LaTeX Font Info:    Font shape `JY2/mc/m/n' will be
(Font)              scaled to size 19.95642pt on input line 68.
LaTeX Font Info:    Font shape `JT2/mc/b/n' in size <20.74> not available
(Font)              Font shape `JT2/mc/bx/n' tried instead on input line 68.
LaTeX Font Info:    Font shape `JT2/mc/bx/n' in size <20.74> not available
(Font)              Font shape `JT2/gt/m/n' tried instead on input line 68.
LaTeX Font Info:    Font shape `JT2/gt/m/n' will be
(Font)              scaled to size 19.95642pt on input line 68.
LaTeX Font Info:    Font shape `JY2/mc/b/n' in size <20.74> not available
(Font)              Font shape `JY2/mc/bx/n' tried instead on input line 68.
LaTeX Font Info:    Font shape `JY2/mc/bx/n' in size <20.74> not available
(Font)              Font shape `JY2/gt/m/n' tried instead on input line 68.
LaTeX Font Info:    Font shape `JY2/gt/m/n' will be
(Font)              scaled to size 19.95642pt on input line 68.

(./blunderdb.toc
LaTeX Font Info:    Font shape `JY2/mc/m/n' will be
(Font)              scaled to size 6.73553pt on input line 3.
LaTeX Font Info:    Font shape `JY2/mc/m/n' will be
(Font)              scaled to size 4.8111pt on input line 3.
)
\tf@toc=\write6
\openout6 = `blunderdb.toc'.

 [1

] [2

]
LaTeX Font Info:    Trying to load font information for TS1+qtm on input line 7
9.
 (/usr/share/texmf/tex/latex/tex-gyre/ts1qtm.fd
File: ts1qtm.fd 2009/09/25 v1.2 font definition file for TS1/qtm
)

Package fancyhdr Warning: \headheight is too small (12.0pt): 
(fancyhdr)                Make it at least 15.0pt, for example:
(fancyhdr)                \setlength{\headheight}{15.0pt}.
(fancyhdr)                You might also make \topmargin smaller to compensate:

(fancyhdr)                \addtolength{\topmargin}{-3.0pt}.

[1] [2

]
第 1 章

Underfull \hbox (badness 10000) in paragraph at lines 371--373
[]\T1/qtm/m/n/10 eX-treme Gam-mon (XG/XGP)\JY2/mc/m/n/10 、 \T1/qtm/m/n/10 GNU
bg (SGF)\JY2/mc/m/n/10 、 \T1/qtm/m/n/10 Jel-ly-fish
 []


Underfull \hbox (badness 10000) detected at line 422
[]\T1/qtm/m/n/10 eX-treme Gam-mon (XG/XGP)\JY2/mc/m/n/10 、 \T1/qtm/m/n/10 GNU
bg (SGF)\JY2/mc/m/n/10 、 \T1/qtm/m/n/10 Jel-ly-fish
 []

LaTeX Font Info:    Kanji font shape `JY2/gt/m/it' undefined
(Font)              No change on input line 594.
LaTeX Font Info:    Kanji font shape `JY2/gt/m/it' undefined
(Font)              No change on input line 594.
LaTeX Font Info:    Kanji font shape `JY2/gt/m/it' undefined
(Font)              No change on input line 610.
LaTeX Font Info:    Kanji font shape `JY2/gt/m/it' undefined
(Font)              No change on input line 626.
LaTeX Font Info:    Trying to load font information for T1+txtt on input line 6
42.
(/usr/share/texlive/texmf-dist/tex/latex/txfonts/t1txtt.fd
File: t1txtt.fd 2000/12/15 v3.1
)
LaTeX Font Info:    Kanji font shape `JY2/gt/m/it' undefined
(Font)              No change on input line 642.
LaTeX Font Info:    Kanji font shape `JY2/gt/m/it' undefined
(Font)              No change on input line 658.
LaTeX Font Info:    Kanji font shape `JY2/gt/m/it' undefined
(Font)              No change on input line 658.
LaTeX Font Info:    Kanji font shape `JY2/gt/m/it' undefined
(Font)              No change on input line 674.
LaTeX Font Info:    Kanji font shape `JY2/gt/m/it' undefined
(Font)              No change on input line 690.
LaTeX Font Info:    Kanji font shape `JY2/gt/m/it' undefined
(Font)              No change on input line 706.
LaTeX Font Info:    Kanji font shape `JY2/gt/m/it' undefined
(Font)              No change on input line 706.
LaTeX Font Info:    Kanji font shape `JY2/gt/m/it' undefined
(Font)              No change on input line 706.
LaTeX Font Info:    Kanji font shape `JY2/gt/m/it' undefined
(Font)              No change on input line 706.
LaTeX Font Info:    Kanji font shape `JY2/gt/m/it' undefined
(Font)              No change on input line 706.
LaTeX Font Info:    Kanji font shape `JY2/gt/m/it' undefined
(Font)              No change on input line 706.
LaTeX Font Info:    Kanji font shape `JY2/gt/m/it' undefined
(Font)              No change on input line 722.
LaTeX Font Info:    Kanji font shape `JY2/gt/m/it' undefined
(Font)              No change on input line 722.
LaTeX Font Info:    Kanji font shape `JY2/gt/m/it' undefined
(Font)              No change on input line 722.
LaTeX Font Info:    Trying to load font information for TS1+txtt on input line 
1.

(/usr/share/texlive/texmf-dist/tex/latex/txfonts/ts1txtt.fd
File: ts1txtt.fd 2000/12/15 v3.1
)
LaTeX Font Info:    Kanji font shape `JY2/gt/m/it' undefined
(Font)              No change on input line 722.
LaTeX Font Info:    Kanji font shape `JY2/gt/m/it' undefined
(Font)              No change on input line 722.
LaTeX Font Info:    Kanji font shape `JY2/gt/m/it' undefined
(Font)              No change on input line 738.
LaTeX Font Info:    Kanji font shape `JY2/gt/m/it' undefined
(Font)              No change on input line 738.
LaTeX Font Info:    Kanji font shape `JY2/gt/m/it' undefined
(Font)              No change on input line 738.
LaTeX Font Info:    Kanji font shape `JY2/gt/m/it' undefined
(Font)              No change on input line 738.
LaTeX Font Info:    Kanji font shape `JY2/gt/m/it' undefined
(Font)              No change on input line 738.
LaTeX Font Info:    Kanji font shape `JY2/gt/m/it' undefined
(Font)              No change on input line 754.
LaTeX Font Info:    Kanji font shape `JY2/gt/m/it' undefined
(Font)              No change on input line 754.
LaTeX Font Info:    Kanji font shape `JY2/gt/m/it' undefined
(Font)              No change on input line 754.
LaTeX Font Info:    Kanji font shape `JY2/gt/m/it' undefined
(Font)              No change on input line 770.
LaTeX Font Info:    Kanji font shape `JY2/gt/m/it' undefined
(Font)              No change on input line 770.
LaTeX Font Info:    Kanji font shape `JY2/gt/m/it' undefined
(Font)              No change on input line 770.
LaTeX Font Info:    Kanji font shape `JY2/gt/m/it' undefined
(Font)              No change on input line 770.
LaTeX Font Info:    Kanji font shape `JY2/gt/m/it' undefined
(Font)              No change on input line 770.
 [3]

Package fancyhdr Warning: \headheight is too small (12.0pt): 
(fancyhdr)                Make it at least 15.0pt, for example:
(fancyhdr)                \setlength{\headheight}{15.0pt}.
(fancyhdr)                You might also make \topmargin smaller to compensate:

(fancyhdr)                \addtolength{\topmargin}{-3.0pt}.

[4]

Package fancyhdr Warning: \headheight is too small (12.0pt): 
(fancyhdr)                Make it at least 15.0pt, for example:
(fancyhdr)                \setlength{\headheight}{15.0pt}.
(fancyhdr)                You might also make \topmargin smaller to compensate:

(fancyhdr)                \addtolength{\topmargin}{-3.0pt}.

[5]

Package fancyhdr Warning: \headheight is too small (12.0pt): 
(fancyhdr)                Make it at least 15.0pt, for example:
(fancyhdr)                \setlength{\headheight}{15.0pt}.
(fancyhdr)                You might also make \topmargin smaller to compensate:

(fancyhdr)                \addtolength{\topmargin}{-3.0pt}.

[6]

Package fancyhdr Warning: \headheight is too small (12.0pt): 
(fancyhdr)                Make it at least 15.0pt, for example:
(fancyhdr)                \setlength{\headheight}{15.0pt}.
(fancyhdr)                You might also make \topmargin smaller to compensate:

(fancyhdr)                \addtolength{\topmargin}{-3.0pt}.

[7]

Package fancyhdr Warning: \headheight is too small (12.0pt): 
(fancyhdr)                Make it at least 15.0pt, for example:
(fancyhdr)                \setlength{\headheight}{15.0pt}.
(fancyhdr)                You might also make \topmargin smaller to compensate:

(fancyhdr)                \addtolength{\topmargin}{-3.0pt}.

[8]

Package fancyhdr Warning: \headheight is too small (12.0pt): 
(fancyhdr)                Make it at least 15.0pt, for example:
(fancyhdr)                \setlength{\headheight}{15.0pt}.
(fancyhdr)                You might also make \topmargin smaller to compensate:

(fancyhdr)                \addtolength{\topmargin}{-3.0pt}.

[9] [10

]
第 2 章
LaTeX Font Info:    Font shape `JT2/mc/m/n' will be
(Font)              scaled to size 13.85594pt on input line 786.
LaTeX Font Info:    Font shape `JY2/mc/m/n' will be
(Font)              scaled to size 13.85594pt on input line 786.
LaTeX Font Info:    Font shape `JT2/mc/b/n' in size <14.4> not available
(Font)              Font shape `JT2/mc/bx/n' tried instead on input line 786.
LaTeX Font Info:    Font shape `JT2/mc/bx/n' in size <14.4> not available
(Font)              Font shape `JT2/gt/m/n' tried instead on input line 786.
LaTeX Font Info:    Font shape `JT2/gt/m/n' will be
(Font)              scaled to size 13.85594pt on input line 786.
LaTeX Font Info:    Font shape `JY2/mc/b/n' in size <14.4> not available
(Font)              Font shape `JY2/mc/bx/n' tried instead on input line 786.
LaTeX Font Info:    Font shape `JY2/mc/bx/n' in size <14.4> not available
(Font)              Font shape `JY2/gt/m/n' tried instead on input line 786.
LaTeX Font Info:    Font shape `JY2/gt/m/n' will be
(Font)              scaled to size 13.85594pt on input line 786.
LaTeX Font Info:    Font shape `JT2/mc/m/n' will be
(Font)              scaled to size 11.54663pt on input line 814.
LaTeX Font Info:    Font shape `JT2/mc/m/n' will be
(Font)              scaled to size 4.8111pt on input line 825.
LaTeX Font Info:    Kanji font shape `JY2/mc/m/it' undefined
(Font)              No change on input line 826.
LaTeX Font Info:    Font shape `T1/txtt/m/it' in size <10> not available
(Font)              Font shape `T1/txtt/m/sl' tried instead on input line 826.
LaTeX Font Info:    Kanji font shape `JY2/mc/m/it' undefined
(Font)              No change on input line 827.
[11]
LaTeX Font Info:    Kanji font shape `JY2/mc/m/it' undefined
(Font)              No change on input line 837.


Package fancyhdr Warning: \headheight is too small (12.0pt): 
(fancyhdr)                Make it at least 15.0pt, for example:
(fancyhdr)                \setlength{\headheight}{15.0pt}.
(fancyhdr)                You might also make \topmargin smaller to compensate:

(fancyhdr)                \addtolength{\topmargin}{-3.0pt}.

[12]
LaTeX Font Info:    Kanji font shape `JY2/gt/m/it' undefined
(Font)              No change on input line 892.


Package fancyhdr Warning: \headheight is too small (12.0pt): 
(fancyhdr)                Make it at least 15.0pt, for example:
(fancyhdr)                \setlength{\headheight}{15.0pt}.
(fancyhdr)                You might also make \topmargin smaller to compensate:

(fancyhdr)                \addtolength{\topmargin}{-3.0pt}.

[13]
LaTeX Font Info:    Kanji font shape `JY2/gt/m/it' undefined
(Font)              No change on input line 1019.
LaTeX Font Info:    Kanji font shape `JY2/gt/m/it' undefined
(Font)              No change on input line 1027.
LaTeX Font Info:    Kanji font shape `JY2/gt/m/it' undefined
(Font)              No change on input line 1061.


Package fancyhdr Warning: \headheight is too small (12.0pt): 
(fancyhdr)                Make it at least 15.0pt, for example:
(fancyhdr)                \setlength{\headheight}{15.0pt}.
(fancyhdr)                You might also make \topmargin smaller to compensate:

(fancyhdr)                \addtolength{\topmargin}{-3.0pt}.

[14]
LaTeX Font Info:    Kanji font shape `JY2/gt/m/it' undefined
(Font)              No change on input line 1086.
LaTeX Font Info:    Kanji font shape `JY2/gt/m/it' undefined
(Font)              No change on input line 1086.
LaTeX Font Info:    Kanji font shape `JY2/gt/m/it' undefined
(Font)              No change on input line 1090.
LaTeX Font Info:    Kanji font shape `JY2/gt/m/it' undefined
(Font)              No change on input line 1094.
LaTeX Font Info:    Kanji font shape `JY2/gt/m/it' undefined
(Font)              No change on input line 1094.
LaTeX Font Info:    Kanji font shape `JY2/gt/m/it' undefined
(Font)              No change on input line 1094.
LaTeX Font Info:    Kanji font shape `JY2/gt/m/it' undefined
(Font)              No change on input line 1094.
LaTeX Font Info:    Kanji font shape `JY2/gt/m/it' undefined
(Font)              No change on input line 1094.
LaTeX Font Info:    Kanji font shape `JY2/gt/m/it' undefined
(Font)              No change on input line 1094.
LaTeX Font Info:    Kanji font shape `JY2/gt/m/it' undefined
(Font)              No change on input line 1098.
LaTeX Font Info:    Kanji font shape `JY2/gt/m/it' undefined
(Font)              No change on input line 1115.
LaTeX Font Info:    Kanji font shape `JY2/gt/m/it' undefined
(Font)              No change on input line 1118.
LaTeX Font Info:    Kanji font shape `JY2/gt/m/it' undefined
(Font)              No change on input line 1118.
LaTeX Font Info:    Kanji font shape `JY2/gt/m/it' undefined
(Font)              No change on input line 1118.


Package fancyhdr Warning: \headheight is too small (12.0pt): 
(fancyhdr)                Make it at least 15.0pt, for example:
(fancyhdr)                \setlength{\headheight}{15.0pt}.
(fancyhdr)                You might also make \topmargin smaller to compensate:

(fancyhdr)                \addtolength{\topmargin}{-3.0pt}.

[15]
LaTeX Font Info:    Kanji font shape `JY2/gt/m/it' undefined
(Font)              No change on input line 1151.
LaTeX Font Info:    Kanji font shape `JY2/gt/m/it' undefined
(Font)              No change on input line 1158.
LaTeX Font Info:    Kanji font shape `JY2/gt/m/it' undefined
(Font)              No change on input line 1158.
LaTeX Font Info:    Kanji font shape `JY2/gt/m/it' undefined
(Font)              No change on input line 1162.
LaTeX Font Info:    Kanji font shape `JY2/gt/m/it' undefined
(Font)              No change on input line 1172.
LaTeX Font Info:    Kanji font shape `JY2/gt/m/it' undefined
(Font)              No change on input line 1172.


Package fancyhdr Warning: \headheight is too small (12.0pt): 
(fancyhdr)                Make it at least 15.0pt, for example:
(fancyhdr)                \setlength{\headheight}{15.0pt}.
(fancyhdr)                You might also make \topmargin smaller to compensate:

(fancyhdr)                \addtolength{\topmargin}{-3.0pt}.

[16]
LaTeX Font Info:    Kanji font shape `JY2/gt/m/it' undefined
(Font)              No change on input line 1186.
LaTeX Font Info:    Kanji font shape `JY2/gt/m/it' undefined
(Font)              No change on input line 1186.
LaTeX Font Info:    Kanji font shape `JY2/gt/m/it' undefined
(Font)              No change on input line 1186.
LaTeX Font Info:    Kanji font shape `JY2/gt/m/it' undefined
(Font)              No change on input line 1192.
LaTeX Font Info:    Kanji font shape `JY2/gt/m/it' undefined
(Font)              No change on input line 1192.
LaTeX Font Info:    Kanji font shape `JY2/gt/m/it' undefined
(Font)              No change on input line 1198.
LaTeX Font Info:    Kanji font shape `JY2/gt/m/it' undefined
(Font)              No change on input line 1198.
LaTeX Font Info:    Kanji font shape `JY2/gt/m/it' undefined
(Font)              No change on input line 1198.
LaTeX Font Info:    Kanji font shape `JY2/gt/m/it' undefined
(Font)              No change on input line 1201.
LaTeX Font Info:    Kanji font shape `JY2/gt/m/it' undefined
(Font)              No change on input line 1204.
LaTeX Font Info:    Kanji font shape `JY2/gt/m/it' undefined
(Font)              No change on input line 1204.
LaTeX Font Info:    Kanji font shape `JY2/gt/m/it' undefined
(Font)              No change on input line 1204.
LaTeX Font Info:    Kanji font shape `JY2/gt/m/it' undefined
(Font)              No change on input line 1204.
LaTeX Font Info:    Kanji font shape `JY2/gt/m/it' undefined
(Font)              No change on input line 1204.
LaTeX Font Info:    Kanji font shape `JY2/gt/m/it' undefined
(Font)              No change on input line 1204.
LaTeX Font Info:    Kanji font shape `JY2/gt/m/it' undefined
(Font)              No change on input line 1204.
LaTeX Font Info:    Kanji font shape `JY2/gt/m/it' undefined
(Font)              No change on input line 1204.


Package fancyhdr Warning: \headheight is too small (12.0pt): 
(fancyhdr)                Make it at least 15.0pt, for example:
(fancyhdr)                \setlength{\headheight}{15.0pt}.
(fancyhdr)                You might also make \topmargin smaller to compensate:

(fancyhdr)                \addtolength{\topmargin}{-3.0pt}.

[17]
LaTeX Font Info:    Kanji font shape `JY2/gt/m/it' undefined
(Font)              No change on input line 1215.
LaTeX Font Info:    Kanji font shape `JY2/gt/m/it' undefined
(Font)              No change on input line 1215.
LaTeX Font Info:    Kanji font shape `JY2/gt/m/it' undefined
(Font)              No change on input line 1215.
LaTeX Font Info:    Kanji font shape `JY2/gt/m/it' undefined
(Font)              No change on input line 1219.
LaTeX Font Info:    Kanji font shape `JY2/gt/m/it' undefined
(Font)              No change on input line 1219.
LaTeX Font Info:    Kanji font shape `JY2/gt/m/it' undefined
(Font)              No change on input line 1223.
LaTeX Font Info:    Kanji font shape `JY2/gt/m/it' undefined
(Font)              No change on input line 1223.
LaTeX Font Info:    Kanji font shape `JY2/gt/m/it' undefined
(Font)              No change on input line 1226.
LaTeX Font Info:    Kanji font shape `JY2/gt/m/it' undefined
(Font)              No change on input line 1226.
LaTeX Font Info:    Kanji font shape `JY2/gt/m/it' undefined
(Font)              No change on input line 1226.
LaTeX Font Info:    Kanji font shape `JY2/gt/m/it' undefined
(Font)              No change on input line 1226.
LaTeX Font Info:    Kanji font shape `JY2/gt/m/it' undefined
(Font)              No change on input line 1237.
LaTeX Font Info:    Kanji font shape `JY2/gt/m/it' undefined
(Font)              No change on input line 1237.
LaTeX Font Info:    Kanji font shape `JY2/gt/m/it' undefined
(Font)              No change on input line 1237.
LaTeX Font Info:    Kanji font shape `JY2/gt/m/it' undefined
(Font)              No change on input line 1237.


Package fancyhdr Warning: \headheight is too small (12.0pt): 
(fancyhdr)                Make it at least 15.0pt, for example:
(fancyhdr)                \setlength{\headheight}{15.0pt}.
(fancyhdr)                You might also make \topmargin smaller to compensate:

(fancyhdr)                \addtolength{\topmargin}{-3.0pt}.

[18]
LaTeX Font Info:    Kanji font shape `JY2/gt/m/it' undefined
(Font)              No change on input line 1243.
LaTeX Font Info:    Kanji font shape `JY2/gt/m/it' undefined
(Font)              No change on input line 1243.
LaTeX Font Info:    Kanji font shape `JY2/gt/m/it' undefined
(Font)              No change on input line 1250.
LaTeX Font Info:    Kanji font shape `JY2/gt/m/it' undefined
(Font)              No change on input line 1250.
LaTeX Font Info:    Kanji font shape `JY2/gt/m/it' undefined
(Font)              No change on input line 1254.
LaTeX Font Info:    Kanji font shape `JY2/gt/m/it' undefined
(Font)              No change on input line 1254.
LaTeX Font Info:    Kanji font shape `JY2/gt/m/it' undefined
(Font)              No change on input line 1258.
LaTeX Font Info:    Kanji font shape `JY2/gt/m/it' undefined
(Font)              No change on input line 1262.
LaTeX Font Info:    Kanji font shape `JY2/gt/m/it' undefined
(Font)              No change on input line 1271.
LaTeX Font Info:    Kanji font shape `JY2/gt/m/it' undefined
(Font)              No change on input line 1274.
LaTeX Font Info:    Kanji font shape `JY2/gt/m/it' undefined
(Font)              No change on input line 1280.
LaTeX Font Info:    Kanji font shape `JY2/gt/m/it' undefined
(Font)              No change on input line 1280.
LaTeX Font Info:    Kanji font shape `JY2/gt/m/it' undefined
(Font)              No change on input line 1292.


Package fancyhdr Warning: \headheight is too small (12.0pt): 
(fancyhdr)                Make it at least 15.0pt, for example:
(fancyhdr)                \setlength{\headheight}{15.0pt}.
(fancyhdr)                You might also make \topmargin smaller to compensate:

(fancyhdr)                \addtolength{\topmargin}{-3.0pt}.

[19]
LaTeX Font Info:    Kanji font shape `JY2/gt/m/it' undefined
(Font)              No change on input line 1299.
LaTeX Font Info:    Kanji font shape `JY2/gt/m/it' undefined
(Font)              No change on input line 1299.
LaTeX Font Info:    Kanji font shape `JY2/gt/m/it' undefined
(Font)              No change on input line 1342.


Package fancyhdr Warning: \headheight is too small (12.0pt): 
(fancyhdr)                Make it at least 15.0pt, for example:
(fancyhdr)                \setlength{\headheight}{15.0pt}.
(fancyhdr)                You might also make \topmargin smaller to compensate:

(fancyhdr)                \addtolength{\topmargin}{-3.0pt}.

[20]
LaTeX Font Info:    Kanji font shape `JY2/gt/m/it' undefined
(Font)              No change on input line 1381.
LaTeX Font Info:    Kanji font shape `JY2/gt/m/it' undefined
(Font)              No change on input line 1381.
LaTeX Font Info:    Kanji font shape `JY2/gt/m/it' undefined
(Font)              No change on input line 1412.


Package fancyhdr Warning: \headheight is too small (12.0pt): 
(fancyhdr)                Make it at least 15.0pt, for example:
(fancyhdr)                \setlength{\headheight}{15.0pt}.
(fancyhdr)                You might also make \topmargin smaller to compensate:

(fancyhdr)                \addtolength{\topmargin}{-3.0pt}.

[21]
LaTeX Font Info:    Kanji font shape `JY2/gt/m/it' undefined
(Font)              No change on input line 1505.
LaTeX Font Info:    Kanji font shape `JY2/gt/m/it' undefined
(Font)              No change on input line 1550.
LaTeX Font Info:    Kanji font shape `JY2/gt/m/it' undefined
(Font)              No change on input line 1553.


Package fancyhdr Warning: \headheight is too small (12.0pt): 
(fancyhdr)                Make it at least 15.0pt, for example:
(fancyhdr)                \setlength{\headheight}{15.0pt}.
(fancyhdr)                You might also make \topmargin smaller to compensate:

(fancyhdr)                \addtolength{\topmargin}{-3.0pt}.

[22]
LaTeX Font Info:    Kanji font shape `JY2/gt/m/it' undefined
(Font)              No change on input line 1615.
LaTeX Font Info:    Kanji font shape `JY2/gt/m/it' undefined
(Font)              No change on input line 1615.
LaTeX Font Info:    Kanji font shape `JY2/gt/m/it' undefined
(Font)              No change on input line 1615.
LaTeX Font Info:    Kanji font shape `JY2/gt/m/it' undefined
(Font)              No change on input line 1615.
LaTeX Font Info:    Font shape `JT2/mc/m/n' will be
(Font)              scaled to size 6.73553pt on input line 1642.
LaTeX Font Info:    Kanji font shape `JY2/gt/m/it' undefined
(Font)              No change on input line 1658.
LaTeX Font Info:    Kanji font shape `JY2/gt/m/it' undefined
(Font)              No change on input line 1661.


Package fancyhdr Warning: \headheight is too small (12.0pt): 
(fancyhdr)                Make it at least 15.0pt, for example:
(fancyhdr)                \setlength{\headheight}{15.0pt}.
(fancyhdr)                You might also make \topmargin smaller to compensate:

(fancyhdr)                \addtolength{\topmargin}{-3.0pt}.

[23]
LaTeX Font Info:    Kanji font shape `JY2/gt/m/it' undefined
(Font)              No change on input line 1676.
LaTeX Font Info:    Kanji font shape `JY2/gt/m/it' undefined
(Font)              No change on input line 1688.
LaTeX Font Info:    Kanji font shape `JY2/gt/m/it' undefined
(Font)              No change on input line 1688.
LaTeX Font Info:    Kanji font shape `JY2/gt/m/it' undefined
(Font)              No change on input line 1719.


Package fancyhdr Warning: \headheight is too small (12.0pt): 
(fancyhdr)                Make it at least 15.0pt, for example:
(fancyhdr)                \setlength{\headheight}{15.0pt}.
(fancyhdr)                You might also make \topmargin smaller to compensate:

(fancyhdr)                \addtolength{\topmargin}{-3.0pt}.

[24]
LaTeX Font Info:    Kanji font shape `JY2/gt/m/it' undefined
(Font)              No change on input line 1730.
LaTeX Font Info:    Kanji font shape `JY2/gt/m/it' undefined
(Font)              No change on input line 1733.
LaTeX Font Info:    Kanji font shape `JY2/gt/m/it' undefined
(Font)              No change on input line 1736.
LaTeX Font Info:    Kanji font shape `JY2/gt/m/it' undefined
(Font)              No change on input line 1736.
LaTeX Font Info:    Kanji font shape `JY2/gt/m/it' undefined
(Font)              No change on input line 1736.
LaTeX Font Info:    Kanji font shape `JY2/gt/m/it' undefined
(Font)              No change on input line 1736.
LaTeX Font Info:    Kanji font shape `JY2/gt/m/it' undefined
(Font)              No change on input line 1736.
LaTeX Font Info:    Kanji font shape `JY2/gt/m/it' undefined
(Font)              No change on input line 1736.
LaTeX Font Info:    Kanji font shape `JY2/gt/m/it' undefined
(Font)              No change on input line 1739.
LaTeX Font Info:    Kanji font shape `JY2/gt/m/it' undefined
(Font)              No change on input line 1739.
LaTeX Font Info:    Kanji font shape `JY2/gt/m/it' undefined
(Font)              No change on input line 1739.
LaTeX Font Info:    Kanji font shape `JY2/gt/m/it' undefined
(Font)              No change on input line 1739.
LaTeX Font Info:    Kanji font shape `JY2/gt/m/it' undefined
(Font)              No change on input line 1739.
LaTeX Font Info:    Kanji font shape `JY2/gt/m/it' undefined
(Font)              No change on input line 1739.
LaTeX Font Info:    Kanji font shape `JY2/gt/m/it' undefined
(Font)              No change on input line 1739.
LaTeX Font Info:    Kanji font shape `JY2/gt/m/it' undefined
(Font)              No change on input line 1742.
LaTeX Font Info:    Kanji font shape `JY2/gt/m/it' undefined
(Font)              No change on input line 1742.


Package fancyhdr Warning: \headheight is too small (12.0pt): 
(fancyhdr)                Make it at least 15.0pt, for example:
(fancyhdr)                \setlength{\headheight}{15.0pt}.
(fancyhdr)                You might also make \topmargin smaller to compensate:

(fancyhdr)                \addtolength{\topmargin}{-3.0pt}.

[25]
LaTeX Font Info:    Kanji font shape `JY2/gt/m/it' undefined
(Font)              No change on input line 1775.
LaTeX Font Info:    Kanji font shape `JY2/gt/m/it' undefined
(Font)              No change on input line 1780.
LaTeX Font Info:    Kanji font shape `JY2/gt/m/it' undefined
(Font)              No change on input line 1787.
LaTeX Font Info:    Kanji font shape `JY2/gt/m/it' undefined
(Font)              No change on input line 1791.
LaTeX Font Info:    Kanji font shape `JY2/gt/m/it' undefined
(Font)              No change on input line 1798.


Package fancyhdr Warning: \headheight is too small (12.0pt): 
(fancyhdr)                Make it at least 15.0pt, for example:
(fancyhdr)                \setlength{\headheight}{15.0pt}.
(fancyhdr)                You might also make \topmargin smaller to compensate:

(fancyhdr)                \addtolength{\topmargin}{-3.0pt}.

[26]
LaTeX Font Info:    Kanji font shape `JY2/gt/m/it' undefined
(Font)              No change on input line 1831.
LaTeX Font Info:    Kanji font shape `JY2/gt/m/it' undefined
(Font)              No change on input line 1839.
LaTeX Font Info:    Kanji font shape `JY2/gt/m/it' undefined
(Font)              No change on input line 1871.


Package fancyhdr Warning: \headheight is too small (12.0pt): 
(fancyhdr)                Make it at least 15.0pt, for example:
(fancyhdr)                \setlength{\headheight}{15.0pt}.
(fancyhdr)                You might also make \topmargin smaller to compensate:

(fancyhdr)                \addtolength{\topmargin}{-3.0pt}.

[27]
LaTeX Font Info:    Kanji font shape `JY2/gt/m/it' undefined
(Font)              No change on input line 1882.
LaTeX Font Info:    Kanji font shape `JY2/gt/m/it' undefined
(Font)              No change on input line 1882.
LaTeX Font Info:    Kanji font shape `JY2/gt/m/it' undefined
(Font)              No change on input line 1882.
LaTeX Font Info:    Kanji font shape `JY2/gt/m/it' undefined
(Font)              No change on input line 1888.
LaTeX Font Info:    Kanji font shape `JY2/gt/m/it' undefined
(Font)              No change on input line 1909.
LaTeX Font Info:    Kanji font shape `JY2/gt/m/it' undefined
(Font)              No change on input line 1913.
LaTeX Font Info:    Kanji font shape `JY2/gt/m/it' undefined
(Font)              No change on input line 1933.
LaTeX Font Info:    Kanji font shape `JY2/gt/m/it' undefined
(Font)              No change on input line 1933.
LaTeX Font Info:    Kanji font shape `JY2/gt/m/it' undefined
(Font)              No change on input line 1937.
LaTeX Font Info:    Kanji font shape `JY2/gt/m/it' undefined
(Font)              No change on input line 1941.
LaTeX Font Info:    Kanji font shape `JY2/gt/m/it' undefined
(Font)              No change on input line 1941.
LaTeX Font Info:    Kanji font shape `JY2/gt/m/it' undefined
(Font)              No change on input line 1945.
LaTeX Font Info:    Kanji font shape `JY2/gt/m/it' undefined
(Font)              No change on input line 1945.


Package fancyhdr Warning: \headheight is too small (12.0pt): 
(fancyhdr)                Make it at least 15.0pt, for example:
(fancyhdr)                \setlength{\headheight}{15.0pt}.
(fancyhdr)                You might also make \topmargin smaller to compensate:

(fancyhdr)                \addtolength{\topmargin}{-3.0pt}.

[28]
LaTeX Font Info:    Kanji font shape `JY2/gt/m/it' undefined
(Font)              No change on input line 1955.
LaTeX Font Info:    Kanji font shape `JY2/gt/m/it' undefined
(Font)              No change on input line 1990.
LaTeX Font Info:    Kanji font shape `JY2/gt/m/it' undefined
(Font)              No change on input line 1998.
LaTeX Font Info:    Kanji font shape `JY2/gt/m/it' undefined
(Font)              No change on input line 1998.
LaTeX Font Info:    Kanji font shape `JY2/gt/m/it' undefined
(Font)              No change on input line 1998.
LaTeX Font Info:    Kanji font shape `JY2/gt/m/it' undefined
(Font)              No change on input line 1998.
LaTeX Font Info:    Kanji font shape `JY2/gt/m/it' undefined
(Font)              No change on input line 1998.
LaTeX Font Info:    Kanji font shape `JY2/gt/m/it' undefined
(Font)              No change on input line 1998.
LaTeX Font Info:    Kanji font shape `JY2/gt/m/it' undefined
(Font)              No change on input line 2010.
LaTeX Font Info:    Kanji font shape `JY2/gt/m/it' undefined
(Font)              No change on input line 2010.
LaTeX Font Info:    Kanji font shape `JY2/gt/m/it' undefined
(Font)              No change on input line 2010.
LaTeX Font Info:    Kanji font shape `JY2/gt/m/it' undefined
(Font)              No change on input line 2010.
LaTeX Font Info:    Kanji font shape `JY2/gt/m/it' undefined
(Font)              No change on input line 2010.
LaTeX Font Info:    Kanji font shape `JY2/gt/m/it' undefined
(Font)              No change on input line 2010.
LaTeX Font Info:    Kanji font shape `JY2/gt/m/it' undefined
(Font)              No change on input line 2014.
LaTeX Font Info:    Kanji font shape `JY2/gt/m/it' undefined
(Font)              No change on input line 2031.
LaTeX Font Info:    Kanji font shape `JY2/gt/m/it' undefined
(Font)              No change on input line 2035.
LaTeX Font Info:    Kanji font shape `JY2/gt/m/it' undefined
(Font)              No change on input line 2039.
LaTeX Font Info:    Kanji font shape `JY2/gt/m/it' undefined
(Font)              No change on input line 2039.
LaTeX Font Info:    Kanji font shape `JY2/gt/m/it' undefined
(Font)              No change on input line 2043.
LaTeX Font Info:    Kanji font shape `JY2/gt/m/it' undefined
(Font)              No change on input line 2043.
LaTeX Font Info:    Kanji font shape `JY2/gt/m/it' undefined
(Font)              No change on input line 2047.


Package fancyhdr Warning: \headheight is too small (12.0pt): 
(fancyhdr)                Make it at least 15.0pt, for example:
(fancyhdr)                \setlength{\headheight}{15.0pt}.
(fancyhdr)                You might also make \topmargin smaller to compensate:

(fancyhdr)                \addtolength{\topmargin}{-3.0pt}.

[29]
LaTeX Font Info:    Kanji font shape `JY2/gt/m/it' undefined
(Font)              No change on input line 2051.
LaTeX Font Info:    Kanji font shape `JY2/gt/m/it' undefined
(Font)              No change on input line 2057.
LaTeX Font Info:    Kanji font shape `JY2/gt/m/it' undefined
(Font)              No change on input line 2069.
LaTeX Font Info:    Kanji font shape `JY2/gt/m/it' undefined
(Font)              No change on input line 2093.
LaTeX Font Info:    Kanji font shape `JY2/gt/m/it' undefined
(Font)              No change on input line 2101.
LaTeX Font Info:    Kanji font shape `JY2/gt/m/it' undefined
(Font)              No change on input line 2109.


Package fancyhdr Warning: \headheight is too small (12.0pt): 
(fancyhdr)                Make it at least 15.0pt, for example:
(fancyhdr)                \setlength{\headheight}{15.0pt}.
(fancyhdr)                You might also make \topmargin smaller to compensate:

(fancyhdr)                \addtolength{\topmargin}{-3.0pt}.

[30]
LaTeX Font Info:    Kanji font shape `JY2/gt/m/it' undefined
(Font)              No change on input line 2149.
LaTeX Font Info:    Kanji font shape `JY2/gt/m/it' undefined
(Font)              No change on input line 2157.
LaTeX Font Info:    Kanji font shape `JY2/gt/m/it' undefined
(Font)              No change on input line 2170.
LaTeX Font Info:    Kanji font shape `JY2/gt/m/it' undefined
(Font)              No change on input line 2183.
LaTeX Font Info:    Kanji font shape `JY2/gt/m/it' undefined
(Font)              No change on input line 2204.


Package fancyhdr Warning: \headheight is too small (12.0pt): 
(fancyhdr)                Make it at least 15.0pt, for example:
(fancyhdr)                \setlength{\headheight}{15.0pt}.
(fancyhdr)                You might also make \topmargin smaller to compensate:

(fancyhdr)                \addtolength{\topmargin}{-3.0pt}.

[31]
LaTeX Font Info:    Kanji font shape `JY2/gt/m/it' undefined
(Font)              No change on input line 2225.
LaTeX Font Info:    Kanji font shape `JY2/gt/m/it' undefined
(Font)              No change on input line 2253.
LaTeX Font Info:    Kanji font shape `JY2/gt/m/it' undefined
(Font)              No change on input line 2257.
LaTeX Font Info:    Kanji font shape `JY2/gt/m/it' undefined
(Font)              No change on input line 2265.
LaTeX Font Info:    Kanji font shape `JY2/gt/m/it' undefined
(Font)              No change on input line 2265.
LaTeX Font Info:    Kanji font shape `JY2/gt/m/it' undefined
(Font)              No change on input line 2265.
LaTeX Font Info:    Kanji font shape `JY2/gt/m/it' undefined
(Font)              No change on input line 2265.
LaTeX Font Info:    Kanji font shape `JY2/gt/m/it' undefined
(Font)              No change on input line 2268.
LaTeX Font Info:    Kanji font shape `JY2/gt/m/it' undefined
(Font)              No change on input line 2268.
LaTeX Font Info:    Kanji font shape `JY2/gt/m/it' undefined
(Font)              No change on input line 2278.
LaTeX Font Info:    Kanji font shape `JY2/gt/m/it' undefined
(Font)              No change on input line 2282.
LaTeX Font Info:    Kanji font shape `JY2/gt/m/it' undefined
(Font)              No change on input line 2282.
LaTeX Font Info:    Kanji font shape `JY2/gt/m/it' undefined
(Font)              No change on input line 2287.
LaTeX Font Info:    Kanji font shape `JY2/gt/m/it' undefined
(Font)              No change on input line 2287.
LaTeX Font Info:    Kanji font shape `JY2/gt/m/it' undefined
(Font)              No change on input line 2291.
LaTeX Font Info:    Kanji font shape `JY2/gt/m/it' undefined
(Font)              No change on input line 2291.


Package fancyhdr Warning: \headheight is too small (12.0pt): 
(fancyhdr)                Make it at least 15.0pt, for example:
(fancyhdr)                \setlength{\headheight}{15.0pt}.
(fancyhdr)                You might also make \topmargin smaller to compensate:

(fancyhdr)                \addtolength{\topmargin}{-3.0pt}.

[32]
LaTeX Font Info:    Kanji font shape `JY2/gt/m/it' undefined
(Font)              No change on input line 2295.
LaTeX Font Info:    Kanji font shape `JY2/gt/m/it' undefined
(Font)              No change on input line 2295.
LaTeX Font Info:    Kanji font shape `JY2/gt/m/it' undefined
(Font)              No change on input line 2300.
LaTeX Font Info:    Kanji font shape `JY2/gt/m/it' undefined
(Font)              No change on input line 2300.
LaTeX Font Info:    Kanji font shape `JY2/gt/m/it' undefined
(Font)              No change on input line 2307.
LaTeX Font Info:    Kanji font shape `JY2/gt/m/it' undefined
(Font)              No change on input line 2324.
LaTeX Font Info:    Kanji font shape `JY2/gt/m/it' undefined
(Font)              No change on input line 2328.
LaTeX Font Info:    Kanji font shape `JY2/gt/m/it' undefined
(Font)              No change on input line 2328.
LaTeX Font Info:    Kanji font shape `JY2/gt/m/it' undefined
(Font)              No change on input line 2328.
LaTeX Font Info:    Kanji font shape `JY2/gt/m/it' undefined
(Font)              No change on input line 2332.
LaTeX Font Info:    Kanji font shape `JY2/gt/m/it' undefined
(Font)              No change on input line 2345.
LaTeX Font Info:    Kanji font shape `JY2/gt/m/it' undefined
(Font)              No change on input line 2345.
LaTeX Font Info:    Kanji font shape `JY2/gt/m/it' undefined
(Font)              No change on input line 2345.
LaTeX Font Info:    Kanji font shape `JY2/gt/m/it' undefined
(Font)              No change on input line 2345.
LaTeX Font Info:    Kanji font shape `JY2/gt/m/it' undefined
(Font)              No change on input line 2345.
LaTeX Font Info:    Kanji font shape `JY2/gt/m/it' undefined
(Font)              No change on input line 2345.
LaTeX Font Info:    Kanji font shape `JY2/gt/m/it' undefined
(Font)              No change on input line 2345.


Package fancyhdr Warning: \headheight is too small (12.0pt): 
(fancyhdr)                Make it at least 15.0pt, for example:
(fancyhdr)                \setlength{\headheight}{15.0pt}.
(fancyhdr)                You might also make \topmargin smaller to compensate:

(fancyhdr)                \addtolength{\topmargin}{-3.0pt}.

[33]
LaTeX Font Info:    Kanji font shape `JY2/gt/m/it' undefined
(Font)              No change on input line 2676.


Package fancyhdr Warning: \headheight is too small (12.0pt): 
(fancyhdr)                Make it at least 15.0pt, for example:
(fancyhdr)                \setlength{\headheight}{15.0pt}.
(fancyhdr)                You might also make \topmargin smaller to compensate:

(fancyhdr)                \addtolength{\topmargin}{-3.0pt}.

[34]

Package fancyhdr Warning: \headheight is too small (12.0pt): 
(fancyhdr)                Make it at least 15.0pt, for example:
(fancyhdr)                \setlength{\headheight}{15.0pt}.
(fancyhdr)                You might also make \topmargin smaller to compensate:

(fancyhdr)                \addtolength{\topmargin}{-3.0pt}.

[35]

Package fancyhdr Warning: \headheight is too small (12.0pt): 
(fancyhdr)                Make it at least 15.0pt, for example:
(fancyhdr)                \setlength{\headheight}{15.0pt}.
(fancyhdr)                You might also make \topmargin smaller to compensate:

(fancyhdr)                \addtolength{\topmargin}{-3.0pt}.

[36]

Package fancyhdr Warning: \headheight is too small (12.0pt): 
(fancyhdr)                Make it at least 15.0pt, for example:
(fancyhdr)                \setlength{\headheight}{15.0pt}.
(fancyhdr)                You might also make \topmargin smaller to compensate:

(fancyhdr)                \addtolength{\topmargin}{-3.0pt}.

[37]
LaTeX Font Info:    Kanji font shape `JY2/gt/m/it' undefined
(Font)              No change on input line 3878.
LaTeX Font Info:    Kanji font shape `JY2/gt/m/it' undefined
(Font)              No change on input line 3878.
LaTeX Font Info:    Kanji font shape `JY2/gt/m/it' undefined
(Font)              No change on input line 3878.
LaTeX Font Info:    Kanji font shape `JY2/gt/m/it' undefined
(Font)              No change on input line 3878.
LaTeX Font Info:    Kanji font shape `JY2/gt/m/it' undefined
(Font)              No change on input line 3878.
LaTeX Font Info:    Kanji font shape `JY2/gt/m/it' undefined
(Font)              No change on input line 3883.
LaTeX Font Info:    Kanji font shape `JY2/gt/m/it' undefined
(Font)              No change on input line 3883.
LaTeX Font Info:    Kanji font shape `JY2/gt/m/it' undefined
(Font)              No change on input line 3883.
LaTeX Font Info:    Kanji font shape `JY2/gt/m/it' undefined
(Font)              No change on input line 3883.
LaTeX Font Info:    Kanji font shape `JY2/gt/m/it' undefined
(Font)              No change on input line 3883.
LaTeX Font Info:    Kanji font shape `JY2/gt/m/it' undefined
(Font)              No change on input line 3883.
LaTeX Font Info:    Kanji font shape `JY2/gt/m/it' undefined
(Font)              No change on input line 3883.


Package fancyhdr Warning: \headheight is too small (12.0pt): 
(fancyhdr)                Make it at least 15.0pt, for example:
(fancyhdr)                \setlength{\headheight}{15.0pt}.
(fancyhdr)                You might also make \topmargin smaller to compensate:

(fancyhdr)                \addtolength{\topmargin}{-3.0pt}.

[38]

Package fancyhdr Warning: \headheight is too small (12.0pt): 
(fancyhdr)                Make it at least 15.0pt, for example:
(fancyhdr)                \setlength{\headheight}{15.0pt}.
(fancyhdr)                You might also make \topmargin smaller to compensate:

(fancyhdr)                \addtolength{\topmargin}{-3.0pt}.

[39]

Package fancyhdr Warning: \headheight is too small (12.0pt): 
(fancyhdr)                Make it at least 15.0pt, for example:
(fancyhdr)                \setlength{\headheight}{15.0pt}.
(fancyhdr)                You might also make \topmargin smaller to compensate:

(fancyhdr)                \addtolength{\topmargin}{-3.0pt}.

[40]
Underfull \hbox (badness 10000) in paragraph at lines 4607--4609
[]\T1/qtm/m/n/10 CTRL-PageDown,
 []


Package fancyhdr Warning: \headheight is too small (12.0pt): 
(fancyhdr)                Make it at least 15.0pt, for example:
(fancyhdr)                \setlength{\headheight}{15.0pt}.
(fancyhdr)                You might also make \topmargin smaller to compensate:

(fancyhdr)                \addtolength{\topmargin}{-3.0pt}.

[41]
LaTeX Font Info:    Kanji font shape `JY2/gt/m/it' undefined
(Font)              No change on input line 4696.
LaTeX Font Info:    Kanji font shape `JY2/gt/m/it' undefined
(Font)              No change on input line 4696.
LaTeX Font Info:    Kanji font shape `JY2/gt/m/it' undefined
(Font)              No change on input line 4696.
LaTeX Font Info:    Kanji font shape `JY2/gt/m/it' undefined
(Font)              No change on input line 4747.
LaTeX Font Info:    Kanji font shape `JY2/gt/m/it' undefined
(Font)              No change on input line 4747.
LaTeX Font Info:    Kanji font shape `JY2/gt/m/it' undefined
(Font)              No change on input line 4747.


Package fancyhdr Warning: \headheight is too small (12.0pt): 
(fancyhdr)                Make it at least 15.0pt, for example:
(fancyhdr)                \setlength{\headheight}{15.0pt}.
(fancyhdr)                You might also make \topmargin smaller to compensate:

(fancyhdr)                \addtolength{\topmargin}{-3.0pt}.

[42]

Package fancyhdr Warning: \headheight is too small (12.0pt): 
(fancyhdr)                Make it at least 15.0pt, for example:
(fancyhdr)                \setlength{\headheight}{15.0pt}.
(fancyhdr)                You might also make \topmargin smaller to compensate:

(fancyhdr)                \addtolength{\topmargin}{-3.0pt}.

[43]
LaTeX Font Info:    Kanji font shape `JY2/mc/m/it' undefined
(Font)              No change on input line 5098.
LaTeX Font Info:    Kanji font shape `JY2/mc/m/it' undefined
(Font)              No change on input line 5101.


Package fancyhdr Warning: \headheight is too small (12.0pt): 
(fancyhdr)                Make it at least 15.0pt, for example:
(fancyhdr)                \setlength{\headheight}{15.0pt}.
(fancyhdr)                You might also make \topmargin smaller to compensate:

(fancyhdr)                \addtolength{\topmargin}{-3.0pt}.

[44]
LaTeX Font Info:    Kanji font shape `JY2/mc/m/it' undefined
(Font)              No change on input line 5369.
LaTeX Font Info:    Kanji font shape `JY2/mc/m/it' undefined
(Font)              No change on input line 5372.


Package fancyhdr Warning: \headheight is too small (12.0pt): 
(fancyhdr)                Make it at least 15.0pt, for example:
(fancyhdr)                \setlength{\headheight}{15.0pt}.
(fancyhdr)                You might also make \topmargin smaller to compensate:

(fancyhdr)                \addtolength{\topmargin}{-3.0pt}.

[45]
LaTeX Font Info:    Kanji font shape `JY2/mc/m/it' undefined
(Font)              No change on input line 5450.
LaTeX Font Info:    Kanji font shape `JY2/mc/m/it' undefined
(Font)              No change on input line 5453.
LaTeX Font Info:    Kanji font shape `JY2/mc/m/it' undefined
(Font)              No change on input line 5456.
LaTeX Font Info:    Kanji font shape `JY2/mc/m/it' undefined
(Font)              No change on input line 5459.
LaTeX Font Info:    Font shape `TS1/txtt/m/it' in size <10> not available
(Font)              Font shape `TS1/txtt/m/sl' tried instead on input line 5459
.
LaTeX Font Info:    Kanji font shape `JY2/mc/m/it' undefined
(Font)              No change on input line 5462.


Package fancyhdr Warning: \headheight is too small (12.0pt): 
(fancyhdr)                Make it at least 15.0pt, for example:
(fancyhdr)                \setlength{\headheight}{15.0pt}.
(fancyhdr)                You might also make \topmargin smaller to compensate:

(fancyhdr)                \addtolength{\topmargin}{-3.0pt}.

[46]
LaTeX Font Info:    Kanji font shape `JY2/mc/m/it' undefined
(Font)              No change on input line 5567.
LaTeX Font Info:    Kanji font shape `JY2/mc/m/it' undefined
(Font)              No change on input line 5570.
LaTeX Font Info:    Kanji font shape `JY2/mc/m/it' undefined
(Font)              No change on input line 5573.
LaTeX Font Info:    Kanji font shape `JY2/mc/m/it' undefined
(Font)              No change on input line 5576.
LaTeX Font Info:    Kanji font shape `JY2/mc/m/it' undefined
(Font)              No change on input line 5579.
LaTeX Font Info:    Kanji font shape `JY2/mc/m/it' undefined
(Font)              No change on input line 5582.
LaTeX Font Info:    Kanji font shape `JY2/mc/m/it' undefined
(Font)              No change on input line 5585.
LaTeX Font Info:    Font shape `JT2/mc/m/n' will be
(Font)              scaled to size 7.69775pt on input line 5587.
LaTeX Font Info:    Font shape `JY2/mc/m/n' will be
(Font)              scaled to size 7.69775pt on input line 5587.


Package fancyhdr Warning: \headheight is too small (12.0pt): 
(fancyhdr)                Make it at least 15.0pt, for example:
(fancyhdr)                \setlength{\headheight}{15.0pt}.
(fancyhdr)                You might also make \topmargin smaller to compensate:

(fancyhdr)                \addtolength{\topmargin}{-3.0pt}.

[47]

Package fancyhdr Warning: \headheight is too small (12.0pt): 
(fancyhdr)                Make it at least 15.0pt, for example:
(fancyhdr)                \setlength{\headheight}{15.0pt}.
(fancyhdr)                You might also make \topmargin smaller to compensate:

(fancyhdr)                \addtolength{\topmargin}{-3.0pt}.

[48]
LaTeX Font Info:    Kanji font shape `JY2/mc/m/it' undefined
(Font)              No change on input line 5661.
LaTeX Font Info:    Kanji font shape `JY2/mc/m/it' undefined
(Font)              No change on input line 5664.
LaTeX Font Info:    Kanji font shape `JY2/mc/m/it' undefined
(Font)              No change on input line 5667.
LaTeX Font Info:    Kanji font shape `JY2/mc/m/it' undefined
(Font)              No change on input line 5670.
LaTeX Font Info:    Kanji font shape `JY2/mc/m/it' undefined
(Font)              No change on input line 5673.
LaTeX Font Info:    Kanji font shape `JY2/mc/m/it' undefined
(Font)              No change on input line 5676.
LaTeX Font Info:    Kanji font shape `JY2/mc/m/it' undefined
(Font)              No change on input line 5715.
LaTeX Font Info:    Kanji font shape `JY2/mc/m/it' undefined
(Font)              No change on input line 5718.
LaTeX Font Info:    Kanji font shape `JY2/mc/m/it' undefined
(Font)              No change on input line 5721.


Package fancyhdr Warning: \headheight is too small (12.0pt): 
(fancyhdr)                Make it at least 15.0pt, for example:
(fancyhdr)                \setlength{\headheight}{15.0pt}.
(fancyhdr)                You might also make \topmargin smaller to compensate:

(fancyhdr)                \addtolength{\topmargin}{-3.0pt}.

[49]
LaTeX Font Info:    Kanji font shape `JY2/mc/m/it' undefined
(Font)              No change on input line 5752.
LaTeX Font Info:    Kanji font shape `JY2/mc/m/it' undefined
(Font)              No change on input line 5755.
LaTeX Font Info:    Kanji font shape `JY2/mc/m/it' undefined
(Font)              No change on input line 5801.
LaTeX Font Info:    Kanji font shape `JY2/mc/m/it' undefined
(Font)              No change on input line 5804.


Package fancyhdr Warning: \headheight is too small (12.0pt): 
(fancyhdr)                Make it at least 15.0pt, for example:
(fancyhdr)                \setlength{\headheight}{15.0pt}.
(fancyhdr)                You might also make \topmargin smaller to compensate:

(fancyhdr)                \addtolength{\topmargin}{-3.0pt}.

[50]
LaTeX Font Info:    Kanji font shape `JY2/mc/m/it' undefined
(Font)              No change on input line 5842.
LaTeX Font Info:    Kanji font shape `JY2/mc/m/it' undefined
(Font)              No change on input line 5845.
LaTeX Font Info:    Kanji font shape `JY2/mc/m/it' undefined
(Font)              No change on input line 5848.
LaTeX Font Info:    Kanji font shape `JY2/mc/m/it' undefined
(Font)              No change on input line 5887.
LaTeX Font Info:    Kanji font shape `JY2/mc/m/it' undefined
(Font)              No change on input line 5890.


Package fancyhdr Warning: \headheight is too small (12.0pt): 
(fancyhdr)                Make it at least 15.0pt, for example:
(fancyhdr)                \setlength{\headheight}{15.0pt}.
(fancyhdr)                You might also make \topmargin smaller to compensate:

(fancyhdr)                \addtolength{\topmargin}{-3.0pt}.

[51]
LaTeX Font Info:    Kanji font shape `JY2/mc/m/it' undefined
(Font)              No change on input line 5901.
LaTeX Font Info:    Kanji font shape `JY2/mc/m/it' undefined
(Font)              No change on input line 5904.
LaTeX Font Info:    Kanji font shape `JY2/mc/m/it' undefined
(Font)              No change on input line 5907.
LaTeX Font Info:    Kanji font shape `JY2/mc/m/it' undefined
(Font)              No change on input line 5915.
LaTeX Font Info:    Font shape `T1/txtt/b/n' in size <10> not available
(Font)              Font shape `T1/txtt/bx/n' tried instead on input line 5916.

LaTeX Font Info:    Kanji font shape `JY2/mc/m/it' undefined
(Font)              No change on input line 5923.
LaTeX Font Info:    Kanji font shape `JY2/mc/m/it' undefined
(Font)              No change on input line 5926.


Package fancyhdr Warning: \headheight is too small (12.0pt): 
(fancyhdr)                Make it at least 15.0pt, for example:
(fancyhdr)                \setlength{\headheight}{15.0pt}.
(fancyhdr)                You might also make \topmargin smaller to compensate:

(fancyhdr)                \addtolength{\topmargin}{-3.0pt}.

[52]
LaTeX Font Info:    Kanji font shape `JY2/gt/m/it' undefined
(Font)              No change on input line 5964.
LaTeX Font Info:    Kanji font shape `JY2/gt/m/it' undefined
(Font)              No change on input line 5973.
LaTeX Font Info:    Kanji font shape `JY2/gt/m/it' undefined
(Font)              No change on input line 5985.


Package fancyhdr Warning: \headheight is too small (12.0pt): 
(fancyhdr)                Make it at least 15.0pt, for example:
(fancyhdr)                \setlength{\headheight}{15.0pt}.
(fancyhdr)                You might also make \topmargin smaller to compensate:

(fancyhdr)                \addtolength{\topmargin}{-3.0pt}.

[53]
LaTeX Font Info:    Kanji font shape `JY2/gt/m/it' undefined
(Font)              No change on input line 6042.
LaTeX Font Info:    Kanji font shape `JY2/gt/m/it' undefined
(Font)              No change on input line 6042.
LaTeX Font Info:    Kanji font shape `JY2/gt/m/it' undefined
(Font)              No change on input line 6046.
LaTeX Font Info:    Kanji font shape `JY2/gt/m/it' undefined
(Font)              No change on input line 6050.
LaTeX Font Info:    Kanji font shape `JY2/gt/m/it' undefined
(Font)              No change on input line 6050.
LaTeX Font Info:    Kanji font shape `JY2/gt/m/it' undefined
(Font)              No change on input line 6054.


Package fancyhdr Warning: \headheight is too small (12.0pt): 
(fancyhdr)                Make it at least 15.0pt, for example:
(fancyhdr)                \setlength{\headheight}{15.0pt}.
(fancyhdr)                You might also make \topmargin smaller to compensate:

(fancyhdr)                \addtolength{\topmargin}{-3.0pt}.

[54]
LaTeX Font Info:    Kanji font shape `JY2/gt/m/it' undefined
(Font)              No change on input line 6098.
LaTeX Font Info:    Kanji font shape `JY2/gt/m/it' undefined
(Font)              No change on input line 6107.
LaTeX Font Info:    Kanji font shape `JY2/gt/m/it' undefined
(Font)              No change on input line 6107.


Package fancyhdr Warning: \headheight is too small (12.0pt): 
(fancyhdr)                Make it at least 15.0pt, for example:
(fancyhdr)                \setlength{\headheight}{15.0pt}.
(fancyhdr)                You might also make \topmargin smaller to compensate:

(fancyhdr)                \addtolength{\topmargin}{-3.0pt}.

[55]
LaTeX Font Info:    Kanji font shape `JY2/gt/m/it' undefined
(Font)              No change on input line 6163.
LaTeX Font Info:    Font shape `T1/txtt/b/n' in size <12> not available
(Font)              Font shape `T1/txtt/bx/n' tried instead on input line 6183.

LaTeX Font Info:    Kanji font shape `JY2/mc/m/it' undefined
(Font)              No change on input line 6189.
LaTeX Font Info:    Kanji font shape `JY2/mc/m/it' undefined
(Font)              No change on input line 6192.


Package fancyhdr Warning: \headheight is too small (12.0pt): 
(fancyhdr)                Make it at least 15.0pt, for example:
(fancyhdr)                \setlength{\headheight}{15.0pt}.
(fancyhdr)                You might also make \topmargin smaller to compensate:

(fancyhdr)                \addtolength{\topmargin}{-3.0pt}.

[56]
Underfull \hbox (badness 10000) in paragraph at lines 6240--6242
[]\T1/qtm/m/n/10 SQLite \JY2/mc/m/n/10 フ ァイル （[][]\T1/txtt/m/n/10 bac
kend sqlite [][]dsn
 []


Overfull \hbox (12.16307pt too wide) in paragraph at lines 6267--6269
[]\T1/txtt/m/n/10 $BLUNDERDB_DSN 
 []


Overfull \hbox (12.16307pt too wide) detected at line 6270
[]\T1/txtt/m/n/10 $BLUNDERDB_DSN 
 []


Underfull \hbox (badness 10000) in paragraph at lines 6326--6328
[][][]\T1/txtt/m/n/10 cors[]allow[]origin
 []


Underfull \hbox (badness 10000) in paragraph at lines 6394--6396
[]\JY2/mc/m/n/10 ほとんどのオプシ ョンは環境変数 （\T1/txtt/m/n
/10 BLUNDERDB_BACKEND\JY2/mc/m/n/10 、 \T1/txtt/m/n/10 BLUNDERDB_DSN\JY2/mc/m/
n/10 、 \T1/txtt/m/n/10 BLUNDERDB_ADDR\JY2/mc/m/n/10 、
 []


Package fancyhdr Warning: \headheight is too small (12.0pt): 
(fancyhdr)                Make it at least 15.0pt, for example:
(fancyhdr)                \setlength{\headheight}{15.0pt}.
(fancyhdr)                You might also make \topmargin smaller to compensate:

(fancyhdr)                \addtolength{\topmargin}{-3.0pt}.

[57]
LaTeX Font Info:    Kanji font shape `JY2/gt/m/it' undefined
(Font)              No change on input line 6430.
LaTeX Font Info:    Kanji font shape `JY2/mc/m/it' undefined
(Font)              No change on input line 6433.
LaTeX Font Info:    Kanji font shape `JY2/mc/m/it' undefined
(Font)              No change on input line 6436.


Package fancyhdr Warning: \headheight is too small (12.0pt): 
(fancyhdr)                Make it at least 15.0pt, for example:
(fancyhdr)                \setlength{\headheight}{15.0pt}.
(fancyhdr)                You might also make \topmargin smaller to compensate:

(fancyhdr)                \addtolength{\topmargin}{-3.0pt}.

[58]
LaTeX Font Info:    Kanji font shape `JY2/mc/m/it' undefined
(Font)              No change on input line 6474.

Underfull \hbox (badness 10000) in paragraph at lines 6570--6572
[][][]\T1/txtt/m/n/10 on[]conflict
 []


Package fancyhdr Warning: \headheight is too small (12.0pt): 
(fancyhdr)                Make it at least 15.0pt, for example:
(fancyhdr)                \setlength{\headheight}{15.0pt}.
(fancyhdr)                You might also make \topmargin smaller to compensate:

(fancyhdr)                \addtolength{\topmargin}{-3.0pt}.

[59]
LaTeX Font Info:    Kanji font shape `JY2/gt/m/it' undefined
(Font)              No change on input line 6599.
LaTeX Font Info:    Kanji font shape `JY2/mc/m/it' undefined
(Font)              No change on input line 6602.
LaTeX Font Info:    Kanji font shape `JY2/mc/m/it' undefined
(Font)              No change on input line 6605.
LaTeX Font Info:    Kanji font shape `JY2/mc/m/it' undefined
(Font)              No change on input line 6610.

Underfull \hbox (badness 10000) in paragraph at lines 6652--6654
[]\T1/qtm/m/n/10 SQLite \JY2/mc/m/n/10 フ ァイル （[][]\T1/txtt/m/n/10 bac
kend sqlite [][]dsn
 []


Overfull \hbox (2.19186pt too wide) in paragraph at lines 6679--6681
[]\T1/txtt/m/n/10 $BLUNDERDB_DSN 
 []


Overfull \hbox (2.19186pt too wide) detected at line 6682
[]\T1/txtt/m/n/10 $BLUNDERDB_DSN 
 []


Package fancyhdr Warning: \headheight is too small (12.0pt): 
(fancyhdr)                Make it at least 15.0pt, for example:
(fancyhdr)                \setlength{\headheight}{15.0pt}.
(fancyhdr)                You might also make \topmargin smaller to compensate:

(fancyhdr)                \addtolength{\topmargin}{-3.0pt}.

[60]

Package fancyhdr Warning: \headheight is too small (12.0pt): 
(fancyhdr)                Make it at least 15.0pt, for example:
(fancyhdr)                \setlength{\headheight}{15.0pt}.
(fancyhdr)                You might also make \topmargin smaller to compensate:

(fancyhdr)                \addtolength{\topmargin}{-3.0pt}.

[61]
LaTeX Font Info:    Kanji font shape `JY2/gt/m/it' undefined
(Font)              No change on input line 6841.
LaTeX Font Info:    Kanji font shape `JY2/gt/m/it' undefined
(Font)              No change on input line 6859.


Package fancyhdr Warning: \headheight is too small (12.0pt): 
(fancyhdr)                Make it at least 15.0pt, for example:
(fancyhdr)                \setlength{\headheight}{15.0pt}.
(fancyhdr)                You might also make \topmargin smaller to compensate:

(fancyhdr)                \addtolength{\topmargin}{-3.0pt}.

[62]

Package fancyhdr Warning: \headheight is too small (12.0pt): 
(fancyhdr)                Make it at least 15.0pt, for example:
(fancyhdr)                \setlength{\headheight}{15.0pt}.
(fancyhdr)                You might also make \topmargin smaller to compensate:

(fancyhdr)                \addtolength{\topmargin}{-3.0pt}.

[63]
Underfull \hbox (badness 10000) in paragraph at lines 7256--7258
\T1/qtm/m/n/10 en-[]us / archive / blogs / ie _ fr / certi^^\cats-[]de-[]signat
ure-[]de-[]code-[]ev-[]extended-[]validation-[]et-[]microsoft-[]smartscreen$[][
] \JY2/mc/m/n/10 を
 []

LaTeX Font Info:    Kanji font shape `JY2/gt/m/it' undefined
(Font)              No change on input line 7260.
File: smartscreen_en.png Graphic file (type bmp)
<smartscreen_en.png>

Package fancyhdr Warning: \headheight is too small (12.0pt): 
(fancyhdr)                Make it at least 15.0pt, for example:
(fancyhdr)                \setlength{\headheight}{15.0pt}.
(fancyhdr)                You might also make \topmargin smaller to compensate:

(fancyhdr)                \addtolength{\topmargin}{-3.0pt}.

[64]
File: blunderdb_potential_virus.png Graphic file (type bmp)
<blunderdb_potential_virus.png>
File: threat_found_action_needed.png Graphic file (type bmp)
<threat_found_action_needed.png>
File: win1.png Graphic file (type bmp)
<win1.png>


Package fancyhdr Warning: \headheight is too small (12.0pt): 
(fancyhdr)                Make it at least 15.0pt, for example:
(fancyhdr)                \setlength{\headheight}{15.0pt}.
(fancyhdr)                You might also make \topmargin smaller to compensate:

(fancyhdr)                \addtolength{\topmargin}{-3.0pt}.

[65]

Package fancyhdr Warning: \headheight is too small (12.0pt): 
(fancyhdr)                Make it at least 15.0pt, for example:
(fancyhdr)                \setlength{\headheight}{15.0pt}.
(fancyhdr)                You might also make \topmargin smaller to compensate:

(fancyhdr)                \addtolength{\topmargin}{-3.0pt}.

[66]
File: win2.png Graphic file (type bmp)
<win2.png>
File: win3.png Graphic file (type bmp)
<win3.png>
File: win4.png Graphic file (type bmp)
<win4.png>
File: win5.png Graphic file (type bmp)
<win5.png>
File: win6.png Graphic file (type bmp)
<win6.png>
File: win7.png Graphic file (type bmp)
<win7.png>
LaTeX Font Info:    Kanji font shape `JY2/gt/m/it' undefined
(Font)              No change on input line 7455.


Package fancyhdr Warning: \headheight is too small (12.0pt): 
(fancyhdr)                Make it at least 15.0pt, for example:
(fancyhdr)                \setlength{\headheight}{15.0pt}.
(fancyhdr)                You might also make \topmargin smaller to compensate:

(fancyhdr)                \addtolength{\topmargin}{-3.0pt}.

[67]

Package fancyhdr Warning: \headheight is too small (12.0pt): 
(fancyhdr)                Make it at least 15.0pt, for example:
(fancyhdr)                \setlength{\headheight}{15.0pt}.
(fancyhdr)                You might also make \topmargin smaller to compensate:

(fancyhdr)                \addtolength{\topmargin}{-3.0pt}.

[68]

Package fancyhdr Warning: \headheight is too small (12.0pt): 
(fancyhdr)                Make it at least 15.0pt, for example:
(fancyhdr)                \setlength{\headheight}{15.0pt}.
(fancyhdr)                You might also make \topmargin smaller to compensate:

(fancyhdr)                \addtolength{\topmargin}{-3.0pt}.

[69]

Package fancyhdr Warning: \headheight is too small (12.0pt): 
(fancyhdr)                Make it at least 15.0pt, for example:
(fancyhdr)                \setlength{\headheight}{15.0pt}.
(fancyhdr)                You might also make \topmargin smaller to compensate:

(fancyhdr)                \addtolength{\topmargin}{-3.0pt}.

[70]
LaTeX Font Info:    Kanji font shape `JY2/mc/m/it' undefined
(Font)              No change on input line 7471.
LaTeX Font Info:    Kanji font shape `JY2/mc/m/it' undefined
(Font)              No change on input line 7472.


Package fancyhdr Warning: \headheight is too small (12.0pt): 
(fancyhdr)                Make it at least 15.0pt, for example:
(fancyhdr)                \setlength{\headheight}{15.0pt}.
(fancyhdr)                You might also make \topmargin smaller to compensate:

(fancyhdr)                \addtolength{\topmargin}{-3.0pt}.

[71]

Package fancyhdr Warning: \headheight is too small (12.0pt): 
(fancyhdr)                Make it at least 15.0pt, for example:
(fancyhdr)                \setlength{\headheight}{15.0pt}.
(fancyhdr)                You might also make \topmargin smaller to compensate:

(fancyhdr)                \addtolength{\topmargin}{-3.0pt}.

[72]
LaTeX Font Info:    Kanji font shape `JY2/gt/m/it' undefined
(Font)              No change on input line 7534.
LaTeX Font Info:    Kanji font shape `JY2/gt/m/it' undefined
(Font)              No change on input line 7544.


Package fancyhdr Warning: \headheight is too small (12.0pt): 
(fancyhdr)                Make it at least 15.0pt, for example:
(fancyhdr)                \setlength{\headheight}{15.0pt}.
(fancyhdr)                You might also make \topmargin smaller to compensate:

(fancyhdr)                \addtolength{\topmargin}{-3.0pt}.

[73]

Package fancyhdr Warning: \headheight is too small (12.0pt): 
(fancyhdr)                Make it at least 15.0pt, for example:
(fancyhdr)                \setlength{\headheight}{15.0pt}.
(fancyhdr)                You might also make \topmargin smaller to compensate:

(fancyhdr)                \addtolength{\topmargin}{-3.0pt}.

[74]
LaTeX Font Info:    Kanji font shape `JY2/gt/m/it' undefined
(Font)              No change on input line 7624.
LaTeX Font Info:    Kanji font shape `JY2/gt/m/it' undefined
(Font)              No change on input line 7628.
LaTeX Font Info:    Kanji font shape `JY2/gt/m/it' undefined
(Font)              No change on input line 7632.
LaTeX Font Info:    Kanji font shape `JY2/gt/m/it' undefined
(Font)              No change on input line 7636.
LaTeX Font Info:    Kanji font shape `JY2/gt/m/it' undefined
(Font)              No change on input line 7642.
LaTeX Font Info:    Kanji font shape `JY2/gt/m/it' undefined
(Font)              No change on input line 7646.
LaTeX Font Info:    Kanji font shape `JY2/gt/m/it' undefined
(Font)              No change on input line 7650.
LaTeX Font Info:    Kanji font shape `JY2/gt/m/it' undefined
(Font)              No change on input line 7654.
LaTeX Font Info:    Kanji font shape `JY2/gt/m/it' undefined
(Font)              No change on input line 7660.
LaTeX Font Info:    Kanji font shape `JY2/gt/m/it' undefined
(Font)              No change on input line 7664.
LaTeX Font Info:    Kanji font shape `JY2/gt/m/it' undefined
(Font)              No change on input line 7668.
LaTeX Font Info:    Kanji font shape `JY2/gt/m/it' undefined
(Font)              No change on input line 7674.
LaTeX Font Info:    Kanji font shape `JY2/gt/m/it' undefined
(Font)              No change on input line 7678.


Package fancyhdr Warning: \headheight is too small (12.0pt): 
(fancyhdr)                Make it at least 15.0pt, for example:
(fancyhdr)                \setlength{\headheight}{15.0pt}.
(fancyhdr)                You might also make \topmargin smaller to compensate:

(fancyhdr)                \addtolength{\topmargin}{-3.0pt}.

[75]

Package fancyhdr Warning: \headheight is too small (12.0pt): 
(fancyhdr)                Make it at least 15.0pt, for example:
(fancyhdr)                \setlength{\headheight}{15.0pt}.
(fancyhdr)                You might also make \topmargin smaller to compensate:

(fancyhdr)                \addtolength{\topmargin}{-3.0pt}.

[76]

Package fancyhdr Warning: \headheight is too small (12.0pt): 
(fancyhdr)                Make it at least 15.0pt, for example:
(fancyhdr)                \setlength{\headheight}{15.0pt}.
(fancyhdr)                You might also make \topmargin smaller to compensate:

(fancyhdr)                \addtolength{\topmargin}{-3.0pt}.

[77]

Package fancyhdr Warning: \headheight is too small (12.0pt): 
(fancyhdr)                Make it at least 15.0pt, for example:
(fancyhdr)                \setlength{\headheight}{15.0pt}.
(fancyhdr)                You might also make \topmargin smaller to compensate:

(fancyhdr)                \addtolength{\topmargin}{-3.0pt}.

[78]
第 3 章
[79

] [80

]
第 4 章
[81] [82

]
第 5 章
LaTeX Font Info:    Kanji font shape `JY2/gt/m/it' undefined
(Font)              No change on input line 8150.
LaTeX Font Info:    Kanji font shape `JY2/gt/m/it' undefined
(Font)              No change on input line 8154.
(./blunderdb.ind) [83] (./blunderdb.aux)
 ***********
pLaTeX2e <2023-02-14u04>+1, based on
LaTeX2e <2023-11-01> patch level 1
L3 programming layer <2024-01-22>
 ***********
Package rerunfilecheck Info: File `blunderdb.out' has not changed.
(rerunfilecheck)             Checksum: C07A039A1E30C0CA94663D1AF963D9A4;27086.
 ) 
Here is how much of TeX's memory you used:
 16272 strings out of 475989
 280112 string characters out of 5789716
 2027820 words of memory out of 5000000
 38092 multiletter control sequences out of 15000+600000
 666722 words of font info for 123 fonts, out of 8000000 for 9000
 265 hyphenation exceptions out of 8191
 72i,19n,83p,4105b,724s stack positions out of 10000i,1000n,20000p,200000b,200000s

Output written on blunderdb.dvi (87 pages, 564764 bytes).
